Date,Actual,Predicted
2016-03-01,105.8199997,105.56941964380994
2016-03-02,106.25,107.561839085079
2016-03-03,107.0800018,107.49006560188172
2016-03-04,109.2600021,108.6914158244056
2016-03-07,108.9499969,107.6235283017003
2016-03-08,107.2200012,106.32498628449922
2016-03-09,107.5400009,106.16881216436566
2016-03-10,107.9300003,107.50721951641395
2016-03-11,106.5999985,109.12727981227108
2016-03-14,107.1399994,108.08622932783156
2016-03-15,108.5999985,107.73107352197675
2016-03-16,108.0999985,108.30726419359945
2016-03-17,106.3199997,108.32128179520068
2016-03-18,108.6900024,106.23057790245517
2016-03-21,108.3499985,107.64169207548333
2016-03-22,107.5999985,108.10024692943279
2016-03-23,106.3199997,107.75863895937901
2016-03-24,103.5400009,106.24046254425333
2016-03-28,101.3799973,108.2390316813418
2016-03-29,98.73999786,109.00974325281571
2016-03-30,99.51000214,108.0783967753382
2016-03-31,98.26999664,106.56435332001558
2016-04-01,100.6600037,103.6082033041032
2016-04-04,98.43000031,101.25780411306756
2016-04-05,101.5800018,101.2656657978112
2016-04-06,104.2600021,101.40398521819712
2016-04-07,104.9599991,101.65445081227136
2016-04-08,103.6800003,101.73213311679606
2016-04-11,103.3600006,101.65445081227136
2016-04-12,104.6999969,102.88165831740045
2016-04-13,104.8499985,102.48621437615934
2016-04-14,105.4400024,103.43089441918357
2016-04-15,107.4499969,102.48621437615934
2016-04-18,107.3399963,102.48621437615934
2016-04-19,107.3199997,103.66052563384882
2016-04-20,106.3700027,103.53843963946002
2016-04-21,102.9599991,103.55245724106125
2016-04-22,101.6999969,105.98415469298985
2016-04-25,102.4700012,107.86109757867644
2016-04-26,101.4499969,107.86109757867644
2016-04-27,100.6200027,106.4640010072495
2016-04-28,101.2699966,104.04078017984509
2016-04-29,101.9599991,102.3236650211766
2016-05-02,102.6100006,102.22134697700763
2016-05-03,104.8199997,101.37815069732989
2016-05-04,98.44000244,101.36413309572866
2016-05-05,101.3799973,101.30349597986744
2016-05-06,99.79000092,102.26048822172167
2016-05-09,100.8199997,102.2147963549218
2016-05-10,100.6100006,103.617057041308
2016-05-11,101.5299988,101.22581367534274
2016-05-12,99.61000061,101.42044286376311
2016-05-13,100.6100006,101.30349597986744
2016-05-16,99.55000305,101.30349597986744
2016-05-17,100.6399994,101.36413309572866
2016-05-18,102.6200027,101.49476118719103
2016-05-19,102.2699966,101.40226825659524
2016-05-20,100.5899963,101.45857802462969
2016-05-23,103.4100037,101.28611098935798
2016-05-24,103.3300018,101.36952427108305
2016-05-25,103.8199997,102.27718697924189
2016-05-26,103.5,102.4164414969511
2016-05-27,105.5400009,101.42690375943104
2016-05-31,105.4899979,102.40289366115006
2016-06-01,105.6500015,102.50521170531903
2016-06-02,104.5,102.54358737593596
2016-06-03,103.1999969,102.60075371640369
2016-06-06,101.6900024,103.94015401266961
2016-06-07,101.0800018,103.94015401266961
2016-06-08,102.4800034,105.02613497423673
2016-06-09,101.9899979,103.99153409373507
2016-06-10,103.2399979,102.60075371640369
,105.8000031,102.48380683250801
2016-06-14,107.1200027,101.64376147454945
2016-06-15,106.5,102.48380683250801
2016-06-16,109.9499969,102.48380683250801
2016-06-17,103.9599991,102.60075371640369
2016-06-20,100.2600021,104.84951797706329
2016-06-21,99.84999847,106.24661454849023
2016-06-22,101.5199966,105.19540149556698
2016-06-23,99.98999786,109.60719605225655
,99.63999939,104.43226583873076
2016-06-27,99.18000031,102.5489707636702
2016-06-28,99.77999878,101.64061055283027
2016-06-29,99.77999878,101.58344421236254
2016-06-30,102.0699997,101.31751358146866
2016-07-01,105.6600037,101.41628585819646
2016-07-05,106.5400009,101.51921514049091
2016-07-06,107.8600006,101.48107997962434
2016-07-07,107.9800034,101.40226825659524
2016-07-08,108.8199997,102.44951317541006
2016-07-11,109.0100021,104.5870581215629
2016-07-12,108.5599976,104.91015509292451
2016-07-13,109.3000031,106.30725166435145
2016-07-14,108.8600006,108.12381853761718
2016-07-15,109.6800003,108.89446433540607
2016-07-18,109.6800003,109.52816468987788
2016-07-19,109.5999985,109.59546073252005
2016-07-20,110.5699997,110.63342976434403
2016-07-21,110.7600021,109.5939606404717
2016-07-22,111.5999985,110.75716658840366
2016-07-25,111.2300034,111.15874628927514
2016-07-26,109.9700012,111.15874628927514
2016-07-27,110.0699997,111.15874628927514
2016-07-28,112.3099976,111.18251194030178
2016-07-29,115.9599991,110.8247411767072
2016-08-01,117.4100037,110.57576743653959
2016-08-02,117.4199982,110.4071527737714
2016-08-03,116.9499969,110.50862403885274
2016-08-04,117.7699966,111.89585745304512
2016-08-05,117.7900009,114.72567493436347
2016-08-08,117.5800018,115.80170163902099
2016-08-09,117.2799988,116.24107396833121
2016-08-10,119.1999969,115.61854521784268
2016-08-11,118.9400024,118.17918436215996
2016-08-12,119.6200027,118.17918436215996
2016-08-15,120.5800018,117.85009822880492
2016-08-16,119.8000031,117.85009822880492
2016-08-17,120.9000015,119.79724070018709
2016-08-18,120.2900009,119.46815456683206
2016-08-19,118.6200027,118.9046136977981
2016-08-22,120.3399963,119.86582531102252
2016-08-23,121.2399979,119.46424561015104
2016-08-24,120.6299973,118.47226366736079
2016-08-25,121.0199966,118.47226366736079
2016-08-26,122.0800018,117.87353005946528
2016-08-29,120.6699982,118.08640506070769
2016-08-30,120.7399979,119.26006605201813
2016-08-31,121.0100021,119.53628382662741
2016-09-01,118.6600037,120.94848664002592
2016-09-02,120.3499985,122.64698690370524
2016-09-06,118.8099976,120.87050103722721
2016-09-07,117.4499969,121.01973288864092
2016-09-08,118.1699982,121.01973288864092
2016-09-09,114.6299973,120.47147709479772
2016-09-12,115.0699997,121.08936667166769
2016-09-13,116.4599991,121.16021164646423
2016-09-14,119.4499969,119.2654622243932
2016-09-15,120.8000031,120.88351856242033
2016-09-16,117.6600037,116.8588254865673
2016-09-19,117.0999985,116.6325249656981
2016-09-20,118.3199997,116.95063155848378
2016-09-21,117.6299973,119.96846403545187
2016-09-22,115.9899979,120.60307088193642
2016-09-23,116.0599976,118.30156490890569
2016-09-26,115.2600021,118.30156490890569
2016-09-27,115.3300018,119.91962124693282
2016-09-28,117.0699997,118.00693032485962
2016-09-29,116.4400024,116.95063155848378
2016-09-30,115.8899994,116.2611075154467
2016-10-03,116.4199982,115.36909423371121
2016-10-04,115.3199997,115.31083656919418
2016-10-05,115.1500015,116.79277393625341
2016-10-06,114.6900024,115.7947328343946
2016-10-07,115.0899963,115.7947328343946
2016-10-10,115.4300003,115.80828067019563
2016-10-11,115.0500031,115.42778345308986
2016-10-12,114.8899994,115.31083656919418
2016-10-13,116.1399994,115.36909423371121
2016-10-14,115.2699966,115.42778345308986
2016-10-17,115.4499969,115.42778345308986
2016-10-18,115.25,115.42778345308986
2016-10-19,115.5,115.42778345308986
2016-10-20,114.8499985,115.38181290158023
2016-10-21,114.8099976,115.06370630879455
2016-10-24,115.6600037,115.06370630879455
2016-10-25,114.7300034,115.00131568447446
2016-10-26,113.3799973,115.00131568447446
2016-10-27,113.1699982,115.00131568447446
2016-10-28,110.5599976,115.00131568447446
2016-10-31,112.4800034,116.00258376184107
2016-11-01,113.8099976,116.00258376184107
2016-11-02,111.8099976,113.07582415154064
2016-11-03,110.8600006,113.13408181605767
2016-11-04,111.9499969,111.67036515335803
2016-11-07,111.7799988,111.46862370878877
2016-11-08,112.4899979,112.08579919212373
2016-11-09,112.5699997,110.17106564668173
2016-11-10,113.2399979,110.61454308319885
2016-11-11,114.0400009,110.73148996709453
2016-11-14,114.5100021,110.73148996709453
2016-11-15,113.7799988,112.02861647433996
2016-11-16,114.5100021,112.0873056937186
2016-11-17,117.8000031,112.97040678667194
2016-11-18,117.6500015,112.97040678667194
2016-11-21,118.3000031,116.49285107646269
2016-11-22,118.5299988,114.18336452940596
2016-11-23,117.7699966,116.49285107646269
2016-11-25,116.8300018,118.08091298454947
2016-11-28,117.5599976,117.9464953172163
2016-11-29,117.8799973,119.66951680379852
2016-11-30,121.4599991,120.05450201784478
2016-12-01,121.4599991,118.43644567981765
2016-12-02,122.9800034,117.20245921329142
2016-12-05,121.8600006,117.69876521411608
2016-12-06,123.0699997,117.69876521411608
2016-12-07,121.0599976,120.11239882916357
2016-12-08,121.9800034,120.03246458552562
2016-12-09,121.0,122.44353194062664
2016-12-12,121.8399963,121.49501948453752
2016-12-13,121.6699982,122.66805735458564
2016-12-14,121.1100006,119.9949526395364
2016-12-15,120.6600037,121.44449783828654
2016-12-16,120.9000015,120.49420640295611
2016-12-19,119.3899994,122.11692178642801
2016-12-20,118.4199982,122.05823256704936
2016-12-21,117.0400009,120.6543668874161
2016-12-22,117.1999969,120.6543668874161
2016-12-23,118.5500031,120.6543668874161
2016-12-27,121.1900024,120.08611376321984
2016-12-28,120.4400024,120.03727097470079
2016-12-29,120.1299973,117.14358134143222
,119.7399979,117.9486726603426
2017-01-03,119.7600021,119.56672899836973
2017-01-04,119.9100037,120.66255376546972
2017-01-05,119.6399994,120.72494438978981
2017-01-06,119.8099976,120.66255376546972
2017-01-09,118.4100037,120.66255376546972
2017-01-10,118.7900009,120.42660840080231
2017-01-11,119.3099976,120.42660840080231
2017-01-12,118.9199982,119.79200155431776
2017-01-13,118.2900009,120.46474356166888
2017-01-17,117.6399994,119.79200155431776
2017-01-18,119.0599976,119.85439217863785
2017-01-19,118.9800034,119.85439217863785
2017-01-20,116.6900024,120.02752260994205
2017-01-23,116.0699997,119.9688333905634
2017-01-24,115.75,117.91740299909816
2017-01-25,115.2600021,119.97415490838344
2017-01-26,114.5299988,120.1389192262288
2017-01-27,115.1200027,116.63590070058102
2017-01-30,113.3099976,116.46277026927682
2017-01-31,113.0400009,116.20292134100816
2017-02-01,113.2699966,116.13064607488991
2017-02-02,111.9199982,115.70421134378012
2017-02-03,112.8899994,115.35507663210998
2017-02-06,114.1299973,113.44819219738532
2017-02-07,114.4700012,113.23799891004148
2017-02-08,113.6100006,113.44819219738532
2017-02-09,113.3499985,111.67597489898841
2017-02-10,113.6999969,111.47423345441915
2017-02-13,114.3000031,112.05327377688754
2017-02-14,114.4000015,115.49930984075696
2017-02-15,114.5899963,113.565139081281
2017-02-16,113.7699966,113.64507332491895
2017-02-17,114.2399979,113.64507332491895
2017-02-21,113.1500015,115.49370009512658
2017-02-22,114.7399979,115.46374930689997
2017-02-23,113.3899994,115.55609071944667
2017-02-24,113.3399963,114.28008673478885
2017-02-27,112.9100037,115.63135805186543
2017-02-28,112.6500015,113.74287915918934
2017-03-01,111.8000031,115.63135805186543
2017-03-02,112.1900024,113.74287915918934
2017-03-03,112.6600037,113.74287915918934
2017-03-06,113.4000015,113.1597058769179
2017-03-07,112.0899963,113.21839509629655
2017-03-08,113.2399979,110.18807531458346
2017-03-09,113.2399979,111.66083792510321
2017-03-10,112.2099991,111.66083792510321
2017-03-13,112.2099991,112.12293136367592
2017-03-14,111.3899994,110.30502219847914
2017-03-15,110.8300018,112.13694896527714
2017-03-16,110.5100021,112.19933958959723
2017-03-17,111.3600006,111.67485552670443
2017-03-20,111.7300034,112.1452423388167
2017-03-21,112.4100037,110.30502219847914
2017-03-22,110.25,110.18807531458346
2017-03-23,110.0599976,110.78767351450306
2017-03-24,108.6200027,110.90462039839873
2017-03-27,108.5199966,110.30502219847914
2017-03-28,108.0100021,111.7232285494233
2017-03-29,106.1399994,110.30502219847914
2017-03-30,105.5,110.6667671405037
2017-03-31,105.9100037,109.4513371352669
2017-04-03,105.9800034,108.65773148345056
2017-04-04,106.4000015,107.0690617246958
2017-04-05,105.4400024,105.67196515326886
2017-04-06,104.1800003,104.44724795447165
2017-04-07,106.1200027,105.80325703632194
2017-04-10,105.3199997,105.80325703632194
2017-04-11,104.6200027,105.86151470083897
2017-04-12,106.0,105.01083995582393
2017-04-13,106.5800018,103.79862447214856
2017-04-17,106.9899979,105.92020392021762
2017-04-18,108.7200012,103.51450372434807
2017-04-19,109.9100037,103.3975568404524
2017-04-20,109.4100037,104.42386768874175
2017-04-21,108.1399994,106.0454408363256
2017-04-24,108.3000031,107.27160862484469
2017-04-25,109.2399979,107.63883654936564
2017-04-26,108.8700027,109.3746721918715
2017-04-27,109.1600037,109.96488046509542
2017-04-28,109.9100037,108.44651871130866
2017-05-01,110.1900024,108.32128179520068
2017-05-02,108.4599991,109.83964354898744
2017-05-03,105.8099976,108.77875564522445
2017-05-04,106.8399963,110.13699186744962
2017-05-05,106.4599991,110.28797743645703
2017-05-08,106.4100037,110.34548711930614
2017-05-09,106.9199982,108.99953457241709
2017-05-10,105.7900009,107.07316897077193
2017-05-11,106.7699966,106.90955638404702
2017-05-12,107.5599976,106.23104766825536
2017-05-15,107.5,105.73173064865483
2017-05-16,108.0800018,106.65685408175241
2017-05-17,107.3199997,105.84867753255051
2017-05-18,107.3000031,105.84867753255051
2017-05-19,107.0999985,107.30816472829754
2017-05-22,107.8799973,107.24577410397745
2017-05-23,107.5400009,107.28390926484403
2017-05-24,108.4000015,107.69624833505893
2017-05-25,109.3700027,107.69624833505893
2017-05-26,107.7600021,107.69624833505893
2017-05-30,107.8000031,107.86095700354798
2017-05-31,107.5299988,107.92515327214166
2017-06-01,105.7799988,108.3797253961277
2017-06-02,105.7399979,110.44126863187873
2017-06-05,106.4499969,109.08601009037487
2017-06-06,107.4100037,109.42528934350179
2017-06-07,106.6999969,109.42528934350179
2017-06-08,105.7799988,107.00775626158506
2017-06-09,104.9000015,106.39076771774094
2017-06-12,104.6999969,106.44902538225797
2017-06-13,103.8199997,108.0452643780991
2017-06-14,104.5599976,106.57010522595671
2017-06-15,105.4899979,106.50771460163662
2017-06-16,105.2399979,105.25907138411601
2017-06-19,104.9800034,104.82236668426114
2017-06-20,104.5400009,102.09784947102612
2017-06-21,105.3099976,103.31201285118406
2017-06-22,104.3399963,103.42895973507974
2017-06-23,105.0199966,103.42895973507974
2017-06-26,106.0299988,103.42895973507974
2017-06-27,108.5299988,103.42895973507974
2017-06-28,107.4499969,103.50536796100106
2017-06-29,108.4700012,102.22881395652303
2017-06-30,108.2200012,103.44297733668097
2017-07-03,108.2099991,104.35234130107465
2017-07-05,109.8700027,107.78855745026033
2017-07-06,109.8399963,107.6993322752994
2017-07-07,110.1999969,108.2199800936743
2017-07-10,110.3300018,108.31529851890096
2017-07-11,110.0,108.90935904229093
2017-07-12,109.6999969,110.22025020319816
2017-07-13,109.8399963,110.49601212119877
2017-07-14,109.3099976,110.69137063780984
2017-07-17,109.4100037,110.69137063780984
2017-07-18,110.1299973,110.69137063780984
2017-07-19,110.7699966,110.56613372170186
2017-07-20,111.6699982,110.56613372170186
2017-07-21,112.2600021,110.56613372170186
2017-07-24,112.8399963,110.54004172642105
2017-07-25,114.1699982,110.50862403885274
2017-07-26,114.1900024,110.56613372170186
2017-07-27,112.7300034,110.69137063780984
2017-07-28,113.6399994,112.15551203648627
2017-07-31,114.1299973,112.37128273705633
2017-08-01,114.2200012,112.83337617562904
2017-08-02,113.0999985,112.50927980300662
2017-08-03,112.3799973,111.86443976547682
2017-08-04,112.1200027,112.78483515654725
2017-08-07,113.0299988,112.81092715182805
2017-08-08,113.2799988,114.20226807601331
2017-08-09,112.3899994,114.16316638047074
2017-08-10,111.4499969,114.49467859371437
2017-08-11,111.7300034,111.63094214857067
2017-08-14,112.7200012,113.29734724580226
2017-08-15,112.8700027,113.5075405331461
2017-08-16,112.8499985,113.26121779514345
2017-08-17,112.2200012,111.8946944408669
2017-08-18,112.8399963,111.85655928000033
2017-08-21,112.2699966,113.21408966072804
2017-08-22,112.0800018,113.55336891385495
2017-08-23,112.2900009,113.60509635551726
2017-08-24,112.9800034,113.16313047198176
2017-08-25,113.0299988,113.16313047198176
2017-08-28,113.6200027,113.04515562316492
2017-08-29,113.7300034,111.68933989654084
2017-08-30,114.2799988,113.107546247485
2017-08-31,114.9700012,113.35944639871387
2017-09-01,116.2300034,113.35944639871387
2017-09-05,116.5400009,113.56963968605771
2017-09-06,116.6100006,113.96359395760057
2017-09-07,117.0999985,117.52760487028684
2017-09-08,117.6900024,117.90718012950225
2017-09-11,117.5899963,118.56562839450416
,120.0599976,117.9611110760955
2017-09-13,120.3700027,117.77604878638229
2017-09-14,120.0500031,118.54477135187001
2017-09-15,120.6299973,118.43644567981765
2017-09-18,120.9700012,120.13844555266081
2017-09-19,121.3300018,123.22527438774317
2017-09-20,121.4899979,123.67539602331469
2017-09-21,119.5999985,121.94887280159278
2017-09-22,119.1699982,122.19493523699518
2017-09-25,119.3099976,122.19493523699518
2017-09-26,120.3399963,121.60614145596334
2017-09-27,120.9700012,121.60614145596334
2017-09-28,120.8399963,119.46141272246426
2017-09-29,121.8700027,119.0376251285027
2017-10-02,121.6699982,119.13909639358404
2017-10-03,124.0800018,120.07617753872272
2017-10-04,123.5599976,120.66737658767786
2017-10-05,123.1900024,120.6543668874161
2017-10-06,123.3799973,122.50029451869035
2017-10-09,123.4199982,122.67696352371784
2017-10-10,123.3099976,125.27298872708474
2017-10-11,124.2600021,124.86542441284045
2017-10-12,123.0699997,123.69359734573344
2017-10-13,123.7099991,123.70301750625245
2017-10-16,122.7699966,123.70301750625245
2017-10-17,123.8799973,123.8044887713338
2017-10-18,122.3399963,125.69309571358208
2017-10-19,123.8499985,123.84359046687636
,124.2300034,125.1850101649912
2017-10-23,124.3899994,123.8044887713338
2017-10-24,124.0,125.14590846944863
2017-10-25,124.4300003,122.5519215706796
2017-10-26,125.3099976,125.14590846944863
2017-10-27,125.6200027,125.4389918183498
2017-10-30,125.6299973,126.06946870549929
2017-10-31,127.4599991,126.40874795862621
2017-11-01,127.9800034,126.61763994045585
2017-11-02,125.4599991,126.92110150470546
2017-11-03,124.4899979,126.92110150470546
2017-11-06,125.6699982,126.92110150470546
2017-11-07,124.8700027,126.87213718569656
2017-11-08,123.6600037,127.10646918356926
2017-11-09,124.3700027,125.80709100400608
2017-11-10,123.2900009,125.29473745792683
2017-11-13,124.2900009,125.80709100400608
2017-11-14,125.7799988,125.17779057403115
2017-11-15,126.0800018,124.87291679034617
2017-11-16,126.0500031,125.28294702314302
2017-11-17,125.9800034,123.23915129077318
2017-11-20,126.9599991,124.8979098012427
2017-11-21,126.5500031,125.41026334732196
2017-11-22,126.3399963,126.01796307316715
,124.3600006,125.65276086290294
2017-11-27,123.9199982,125.87575635909128
2017-11-28,123.6800003,126.08733015744393
2017-11-29,122.9700012,126.44700063193116
2017-11-30,123.3899994,126.45019589092429
2017-12-01,124.4499969,125.45395788241399
2017-12-04,123.9300003,124.68866888041828
2017-12-05,124.25,124.36670946063587
2017-12-06,124.9199982,123.00422955806066
2017-12-07,125.0,123.19842019382524
2017-12-08,124.3399963,124.95306538373006
2017-12-11,127.3199997,124.63854043495336
2017-12-12,127.0100021,124.63534517596023
2017-12-13,127.6299973,125.17286562092528
2017-12-14,128.2799988,124.94987012473693
2017-12-15,128.3200073,124.94987012473693
2017-12-18,127.9800034,125.75573386392733
2017-12-19,128.2299957,125.5955533011022
2017-12-20,128.2700043,125.5955533011022
2017-12-21,127.1699982,126.92433239308167
2017-12-22,128.3699951,127.78959420618227
2017-12-26,130.1300049,127.55364884151486
2017-12-27,132.1600037,127.75510320540353
2017-12-28,133.8600006,127.66435306292824
2017-12-29,134.7700043,126.21916270044956
2018-01-02,133.7200012,126.96269604494032
2018-01-03,136.3999939,129.00180130367642
2018-01-04,136.9100037,130.61400607054503
2018-01-05,137.1999969,132.43309089594598
2018-01-08,137.9700012,133.48415832601503
2018-01-09,140.7200012,132.9803619191103
2018-01-10,138.6300049,134.3293782151073
2018-01-11,139.8500061,133.64565588395735
2018-01-12,139.3999939,132.88597634808303
2018-01-16,139.2799988,134.77157694024564
2018-01-17,139.0299988,135.51180520527862
2018-01-18,138.1799927,135.19393934041344
,139.5599976,135.51180520527862
2018-01-22,139.5299988,135.96533667697796
2018-01-23,139.6199951,135.6362505436229
2018-01-24,137.9199982,137.38509530079116
2018-01-25,138.8000031,136.77852157114248
2018-01-26,136.6199951,138.63317129351216
2018-01-29,131.9299927,138.50943446945251
2018-01-30,138.7599945,138.12147351098062
2018-01-31,136.8800049,138.39120515211894
2018-02-01,134.4299927,138.5802465324061
2018-02-02,136.5700073,137.84819483558562
2018-02-05,138.7599945,136.4766692215163
2018-02-06,135.0399933,138.95541943062514
2018-02-07,135.4700012,138.17774770529527
2018-02-08,135.2799988,136.92394518145872
2018-02-09,136.1999969,137.953928121847
2018-02-12,136.1999969,140.18055337346019
2018-02-13,134.8000031,136.38440728137402
2018-02-14,135.2299957,135.92577657166487
2018-02-15,137.0299988,135.89373103059953
2018-02-16,138.4299927,137.09198397859447
2018-02-20,136.0299988,137.18979537483756
2018-02-21,134.6000061,135.89373103059953
2018-02-22,130.3899994,135.89373103059953
2018-02-23,130.5899963,137.0726443831208
2018-02-26,130.9799957,139.6795289875129
2018-02-27,131.3399963,137.09198397859447
2018-02-28,129.8200073,135.89373103059953
2018-03-01,129.5599976,133.11533106819897
2018-03-02,129.6999969,133.11533106819897
2018-03-05,130.3399963,134.29036599153542
2018-03-06,130.0,133.7451378891691
2018-03-07,130.0,131.93989147911205
2018-03-08,130.3899994,131.01754426950126
2018-03-09,129.9100037,131.01754426950126
2018-03-12,127.8399963,127.90513480419861
2018-03-13,129.25,127.90513480419861
2018-03-14,129.2799988,127.90513480419861
2018-03-15,127.0199966,126.63612322135494
2018-03-16,124.5,126.63612322135494
2018-03-19,127.3099976,124.71134874846433
2018-03-20,128.0399933,126.63612322135494
2018-03-21,129.3699951,126.63612322135494
2018-03-22,130.3699951,124.71134874846433
2018-03-23,126.5899963,124.49426518701553
2018-03-26,128.3500061,124.17457109011417
2018-03-27,127.7600021,125.1315869261797
2018-03-28,127.4000015,126.18524135417927
2018-03-29,125.3700027,126.42118671884668
2018-04-02,126.1699982,124.93310411609242
2018-04-03,128.2599945,125.32948648883848
2018-04-04,127.8099976,125.37256592462933
2018-04-05,128.6300049,125.09204817462654
2018-04-06,128.5299988,125.31729617553151
2018-04-09,128.8200073,124.13840002159208
2018-04-10,129.3399963,125.76144665214245
2018-04-11,129.0700073,124.9486893311419
2018-04-12,128.4900055,125.82953260123564
2018-04-13,129.2299957,126.06547796590306
2018-04-16,129.0700073,127.65363566028205
2018-04-17,129.4700012,127.43170789721586
2018-04-18,131.1000061,127.43170789721586
2018-04-19,131.6100006,126.2186840900896
2018-04-20,131.0099945,127.43170789721586
2018-04-23,130.9799957,127.60483832852006
2018-04-24,130.9700012,127.70715637268903
2018-04-25,130.1799927,130.1741251351432
2018-04-26,130.1100006,130.5976854171267
2018-04-27,131.3200073,132.18082487786023
2018-04-30,131.5099945,132.17567604755715
2018-05-01,130.8999939,132.13952107850037
2018-05-02,136.2899933,130.48821461608912
2018-05-03,138.3899994,130.41232761200237
2018-05-04,138.0700073,131.92672098262796
2018-05-07,138.1399994,132.09985141393213
2018-05-08,136.2200012,131.86199815603706
2018-05-09,137.3500061,135.57129986383276
2018-05-10,136.6699982,136.87671388941928
2018-05-11,136.0399933,136.38489724960382
2018-05-14,136.4499969,136.60942266356284
2018-05-15,135.7400055,134.65402939504696
2018-05-16,134.8300018,134.41808403037953
2018-05-17,132.4400024,134.51589542662262
2018-05-18,129.9600067,135.27428306292538
2018-05-21,126.6999969,134.94828638388503
2018-05-22,127.2300034,133.7536933047283
2018-05-23,127.9700012,135.14482934087317
2018-05-24,131.3099976,134.9874491001221
2018-05-25,134.2799988,133.3613600484191
2018-05-29,133.4600067,129.84707515181768
,136.1699982,126.89889410499666
2018-05-31,136.4499969,127.7116514259972
2018-06-01,136.2100067,130.2261075887312
2018-06-04,137.1499939,130.87210180805565
2018-06-05,134.5500031,132.3785557307689
2018-06-06,135.4100037,136.17799702739546
2018-06-07,135.4400024,136.17799702739546
2018-06-08,135.8099976,136.29597187621232
2018-06-11,136.5200043,135.1878916173907
2018-06-12,136.1499939,133.7536933047283
2018-06-13,134.3699951,133.7536933047283
2018-06-14,132.6600037,133.7536933047283
2018-06-15,131.0,133.7536933047283
2018-06-18,128.5700073,135.20605014795555
2018-06-19,129.2100067,135.20605014795555
2018-06-20,127.1100006,133.7536933047283
2018-06-21,129.0899963,133.0263665725901
2018-06-22,128.8099976,133.48186578782
2018-06-25,127.9300003,129.80675269589693
2018-06-26,127.4000015,130.91426319986104
2018-06-27,129.0700073,126.88487650339543
2018-06-28,129.5599976,128.6976966165045
2018-06-29,130.6999969,128.6976966165045
2018-07-02,129.2700043,127.37071342926977
2018-07-03,128.0599976,124.33301960221847
2018-07-05,129.1799927,126.87206858602235
2018-07-06,129.5099945,126.9715177345979
2018-07-09,129.5099945,127.56681900208517
2018-07-10,131.4499969,127.33087363741775
2018-07-11,132.0899963,126.10170184642612
2018-07-12,131.7700043,127.33087363741775
2018-07-13,131.8000031,127.43167786572903
2018-07-16,131.7299957,127.35007294541435
2018-07-17,132.5800018,129.2522925913496
2018-07-18,132.2100067,131.11195255441453
2018-07-19,133.3300018,131.2726412544826
2018-07-20,134.4600067,131.3749592986516
2018-07-23,134.9799957,131.6368261623203
2018-07-24,131.8399963,131.97006469174914
2018-07-25,131.6300049,132.1004193829578
2018-07-26,131.0500031,132.1004193829578
2018-07-27,131.3000031,132.9756605276044
2018-07-30,128.4499969,133.23941359960116
2018-07-31,128.5200043,132.20484639597362
2018-08-01,127.0899963,132.1004193829578
2018-08-02,125.4499969,132.19823077920088
2018-08-03,124.2300034,132.19823077920088
2018-08-06,123.5,129.074328256358
2018-08-07,123.4499969,126.22886314863679
2018-08-08,121.8499985,125.52355353949191
2018-08-09,122.7600021,125.29796213953804
2018-08-10,123.2799988,124.49426518701553
2018-08-13,123.2699966,124.20118183811435
2018-08-14,122.5699997,122.85976213999952
2018-08-15,123.7399979,122.06305579118333
2018-08-16,122.2600021,121.91670723763185
2018-08-17,122.8399963,121.88619188403095
2018-08-20,126.4700012,121.88619188403095
2018-08-21,126.0699997,120.93767942794183
2018-08-22,127.4800034,123.4635569468132
2018-08-23,125.2600021,120.93767942794183
2018-08-24,124.0800018,122.0429846080544
2018-08-27,122.0100021,124.66110395250766
2018-08-28,120.4700012,124.39162061537395
2018-08-29,120.1900024,124.90550397897577
2018-08-30,119.3000031,124.48903870433892
2018-08-31,119.1800003,123.74073979359225
2018-09-04,119.1800003,121.22839365376119
2018-09-05,119.9100037,119.65521208185729
2018-09-06,121.9599991,119.59027614025793
2018-09-07,122.2799988,119.10470223003
2018-09-10,122.4800034,119.10470223003
2018-09-11,125.0299988,119.06655795543809
2018-09-12,125.3199997,119.71477061636156
2018-09-13,124.9499969,121.18193181749909
2018-09-14,124.7200012,121.18193181749909
2018-09-17,124.0,121.4514151546328
2018-09-18,124.8799973,123.87557399349622
2018-09-19,125.1399994,124.81149297186211
2018-09-20,124.6100006,124.2571125837763
2018-09-21,124.3499985,124.2571125837763
2018-09-24,124.8199997,124.02116721910889
2018-09-25,125.7099991,124.2267832274141
2018-09-26,122.6999969,124.76313240354813
2018-09-27,122.1800003,124.91216533980474
2018-09-28,121.5,124.91216533980474
2018-10-01,121.7200012,124.91216533980474
2018-10-02,119.9199982,125.424518885884
2018-10-03,117.7799988,122.90661151366078
2018-10-04,116.75,121.75189978084731
2018-10-05,116.7600021,119.95026034961266
2018-10-08,115.6299973,121.08619188372955
2018-10-09,118.0400009,119.62363698471765
2018-10-10,117.7300034,117.50598913486137
2018-10-11,116.6699982,116.53429665694392
2018-10-12,116.3199997,116.59493377280515
2018-10-15,117.0999985,116.27682718001947
2018-10-16,117.9700012,119.26928887720813
2018-10-17,114.5699997,117.70992175855964
2018-10-18,116.6600037,116.71188065670083
2018-10-19,117.3000031,116.71188065670083
2018-10-22,115.3099976,117.70992175855964
2018-10-23,116.2399979,117.70992175855964
2018-10-24,117.0500031,116.27682718001947
2018-10-25,117.6999969,116.71188065670083
2018-10-26,115.4599991,117.70992175855964
2018-10-29,115.4100037,115.9086501134267
2018-10-30,117.5800018,115.53260576377706
2018-10-31,119.3099976,116.78191956293517
,117.2900009,116.54597419826776
2018-11-02,117.2399979,115.23875463444489
2018-11-05,115.5699997,115.4536179739571
2018-11-06,115.1100006,116.29775045274464
2018-11-07,116.8799973,118.8064864359729
2018-11-08,117.0,116.96543460175742
2018-11-09,116.9599991,117.18843009794577
2018-11-12,117.1399994,115.58689628279284
2018-11-13,117.2900009,115.53234002321724
2018-11-14,119.25,115.85044661600293
2018-11-15,119.7099991,115.9673934998986
2018-11-16,121.2699966,115.98141110149983
2018-11-19,121.0,116.97945220335865
2018-11-20,121.5800018,117.202447699547
2018-11-21,121.7799988,118.82050403757412
2018-11-23,121.4800034,119.4118280158708
2018-11-26,123.5100021,119.73936266490927
2018-11-27,120.8799973,119.71280512884647
2018-11-28,121.8300018,121.18500920462286
2018-11-29,119.9700012,121.49501948453752
2018-11-30,120.9400024,120.03246458552562
2018-12-03,120.4100037,124.89690320053165
2018-12-04,121.8899994,120.69346858295867
2018-12-06,120.7799988,122.15602348197058
2018-12-07,120.0999985,120.59567766803745
2018-12-10,119.5500031,120.6543668874161
2018-12-11,120.0100021,120.53742000352042
2018-12-12,119.3799973,122.11692178642801
2018-12-13,118.4499969,120.6543668874161
2018-12-14,113.9599991,120.74845648029968
2018-12-17,111.8099976,119.85128718375596
2018-12-18,113.7200012,120.4889990251224
2018-12-19,115.4800034,119.67505467042209
2018-12-20,116.3399963,119.84818510172629
2018-12-21,116.0800018,114.25618478381504
2018-12-24,116.2799988,112.53058699967814
2018-12-26,114.6500015,114.34849616487492
2018-12-27,119.7300034,116.236975057551
2018-12-28,121.2799988,116.55508165033669
2018-12-31,122.3099976,117.093036188613
2019-01-02,122.9199982,117.093036188613
2019-01-03,122.9199982,115.52009483414973
2019-01-04,125.0699997,119.17896906343589
2019-01-07,125.3899994,119.19298666503711
2019-01-08,126.2799988,121.12767147166724
2019-01-09,125.6600037,122.07618392775636
2019-01-10,124.9199982,122.60155115276036
2019-01-11,125.3499985,124.93588265420055
2019-01-14,123.5999985,126.01500166334068
2019-01-15,122.4700012,126.35031228575296
2019-01-16,122.8300018,126.13873848740032
2019-01-17,123.7200012,125.48213058089809
2019-01-18,122.4800034,125.75853876230993
2019-01-22,122.2699966,124.61211440561897
2019-01-23,123.0400009,122.36907725177839
2019-01-24,123.1699982,123.35669140341008
2019-01-25,122.0,124.65221946581839
2019-01-28,122.9000015,121.99997490253233
2019-01-29,123.4700012,122.11692178642801
2019-01-30,121.0500031,123.06543424251713
2019-01-31,118.1100006,123.06543424251713
2019-02-01,117.3099976,122.39268151647968
2019-02-04,117.1500015,123.39988319194745
2019-02-05,119.7799988,123.39988319194745
2019-02-06,119.6299973,120.42711454675062
2019-02-07,119.25,119.73425003574904
2019-02-08,121.1500015,117.62232478063156
2019-02-11,121.4899979,117.56569860326246
2019-02-12,122.7900009,119.66932885151752
2019-02-13,121.2399979,119.18281724047966
2019-02-14,121.8199997,119.19581459305844
2019-02-15,122.4100037,119.95546902882036
2019-02-19,123.2300034,119.96617665647284
2019-02-20,122.3199997,122.54375832433651
2019-02-21,121.0400009,119.84790281604901
2019-02-22,120.3399963,121.85942650422398
2019-02-25,118.4199982,121.82968041628091
2019-02-26,118.2600021,122.77819287237003
2019-02-27,117.9800034,121.82968041628091
2019-02-28,117.2399979,120.367125517269
2019-03-01,117.7099991,120.41676196994271
2019-03-04,119.1299973,119.29422481044446
2019-03-05,118.7600021,119.07886770916276
2019-03-06,119.3099976,117.46081137113563
2019-03-07,117.6999969,117.44679376953441
2019-03-08,118.9700012,117.44679376953441
2019-03-11,119.5100021,119.18179699145722
2019-03-12,119.7300034,119.18179699145722
2019-03-13,119.6699982,119.19581459305844
2019-03-14,120.4400024,117.56374065343009
2019-03-15,120.2200012,119.18179699145722
2019-03-18,120.4899979,119.19581459305844
2019-03-19,121.7699966,119.68138850328637
2019-03-20,121.0299988,119.68138850328637
2019-03-21,119.0699997,119.96617665647284
2019-03-22,118.0199966,119.84609717177543
2019-03-25,119.8799973,119.9102934403691
2019-03-26,120.6500015,122.20050898906348
2019-03-27,121.0699997,120.50200872538416
2019-03-28,122.0800018,119.9688333905634
2019-03-29,122.5400009,119.41851245322961
2019-04-01,122.2399979,120.18284018980454
2019-04-02,122.0599976,120.34760450764989
2019-04-03,122.1800003,120.4889990251224
2019-04-04,121.0400009,122.18749928880172
2019-04-05,122.4000015,122.18749928880172
2019-04-08,121.9700012,122.18749928880172
2019-04-09,121.75,121.9515539241343
2019-04-10,124.0800018,122.06952877295114
2019-04-11,125.1600037,120.4889990251224
2019-04-12,124.1600037,122.06952877295114
2019-04-15,124.9400024,122.06952877295114
2019-04-16,122.8799973,122.1246843554385
2019-04-17,123.1900024,125.31262855816658
2019-04-18,123.6200027,125.52763075785629
2019-04-22,123.8099976,125.29595672340479
2019-04-23,123.5999985,125.51835425227117
2019-04-24,122.9199982,123.63489614032598
2019-04-25,122.5899963,123.63489614032598
2019-04-26,123.6500015,124.9311744548632
2019-04-29,122.9800034,124.98986367424185
2019-04-30,122.5,124.98986367424185
2019-05-01,121.7600021,123.65015863023065
2019-05-02,119.3199997,123.77581643865781
2019-05-03,119.2699966,125.11723613677265
2019-05-06,118.2600021,123.53045091347138
2019-05-07,119.0699997,122.46396360856542
2019-05-08,120.6399994,122.46076834957229
2019-05-09,119.9000015,119.73425003574904
2019-05-10,118.4000015,119.24038111865869
2019-05-13,118.1100006,119.13806307448972
2019-05-14,118.25,119.13806307448972
2019-05-15,117.3199997,119.74058386861333
2019-05-16,117.4700012,119.74058386861333
2019-05-17,118.5500031,119.18179699145722
2019-05-20,119.4000015,119.18179699145722
2019-05-21,119.5500031,119.18179699145722
2019-05-22,119.75,117.44679376953441
2019-05-23,117.5800018,117.44679376953441
2019-05-24,118.1299973,119.18179699145722
2019-05-28,119.5400009,119.18179699145722
2019-05-29,120.2200012,119.18179699145722
2019-05-30,121.3000031,119.95215905487161
2019-05-31,122.3899994,117.56374065343009
2019-06-03,123.4899979,119.2441876157773
2019-06-04,124.9899979,119.2441876157773
2019-06-05,125.6800003,119.91690955891066
2019-06-06,124.7900009,120.25618881203758
2019-06-07,124.3899994,121.88598404028677
2019-06-10,124.3899994,123.1751134404334
2019-06-11,125.3700027,124.90274517928573
2019-06-12,125.2099991,125.94770562069851
2019-06-13,125.8000031,125.43535207461926
2019-06-14,124.8300018,125.22034987492955
2019-06-17,124.7900009,124.95831251498133
2019-06-18,123.9300003,125.49675805634139
2019-06-19,123.2900009,124.98440451026214
2019-06-20,123.6699982,125.7117602560311
2019-06-21,123.9899979,125.05515234952887
2019-06-24,125.7900009,125.05515234952887
2019-06-25,127.0,124.88661359534092
2019-06-26,126.8300018,123.25211054832491
2019-06-27,126.5699997,124.53527258192271
2019-06-28,126.8700027,124.94530281471957
2019-07-01,126.9000015,125.78175273342124
2019-07-02,127.3799973,126.24281973224234
2019-07-03,126.75,126.25461016702614
2019-07-05,127.7099991,126.87213718569656
2019-07-08,127.6299973,126.63428392780152
2019-07-09,128.6100006,126.41128843161317
2019-07-10,129.3600006,126.64914168950821
2019-07-11,129.8099976,126.82055746670878
2019-07-12,130.1699982,126.60452603202744
2019-07-15,131.1399994,126.60452603202744
2019-07-16,131.75,127.92469583641135
2019-07-17,133.0,129.37046974921188
2019-07-18,132.5,129.57920626444988
2019-07-19,131.9499969,129.00180130367642
2019-07-22,131.7299957,130.61400607054503
2019-07-23,131.1300049,132.43309089594598
2019-07-24,129.0500031,132.83131471023484
2019-07-25,129.6199951,132.47846629387038
2019-07-26,128.9499969,132.74441655444286
2019-07-29,128.3000031,132.74441655444286
2019-07-30,127.0500031,132.50332235947235
2019-07-31,128.2200012,130.88551759312156
2019-08-01,129.3500061,130.64136058142816
2019-08-02,128.9799957,128.93060142807963
2019-08-05,128.2299957,128.49960105986742
2019-08-06,129.4199982,127.57770454517349
2019-08-07,126.4800034,127.21043205018422
2019-08-08,127.3600006,128.61340623917525
2019-08-09,128.7899933,128.30228574950047
2019-08-12,129.6399994,127.09245720136738
2019-08-13,129.0299988,128.5382311141679
2019-08-14,129.8800049,126.37751127660991
2019-08-15,129.6499939,125.99918213036405
2019-08-16,127.8300018,127.92395660325461
2019-08-19,130.7799988,128.4711759269049
2019-08-20,130.4600067,128.4954313903584
2019-08-21,130.2899933,128.73137675502582
2019-08-22,130.5,128.73137675502582
2019-08-23,130.6300049,126.64597595252901
2019-08-26,131.5700073,129.93905718840915
2019-08-27,132.1000061,129.00784107478944
2019-08-28,131.1699982,129.00784107478944
2019-08-29,132.0500031,128.66856182166256
2019-08-30,132.8300018,130.71064214325182
2019-09-03,133.6199951,132.0446958314448
2019-09-04,135.5500031,133.26925573570045
2019-09-05,135.7899933,133.23015404015788
2019-09-06,136.6600037,133.23015404015788
2019-09-09,135.9400024,133.46609940482531
2019-09-10,137.8200073,133.47910910508708
2019-09-11,137.0500031,133.25734302837378
2019-09-12,136.5500031,133.25734302837378
2019-09-13,136.5599976,134.67059817605846
2019-09-16,136.3699951,134.67059817605846
2019-09-17,136.3699951,135.9561262892695
2019-09-18,136.6199951,134.65917822535005
2019-09-19,138.3200073,134.44417602566034
2019-09-20,136.2799988,135.21557336222486
2019-09-23,134.4900055,134.88957668318452
2019-09-24,133.2899933,134.96495595298504
2019-09-25,131.4700012,136.9243795515229
2019-09-26,131.1999969,138.5110746444691
2019-09-27,131.8200073,136.6702756562906
2019-09-30,131.1499939,136.11506220690507
2019-10-01,131.4299927,136.1148452319974
2019-10-02,133.0099945,136.33515555544687
2019-10-03,132.6499939,135.55924431450214
2019-10-04,135.4499969,135.1831080748183
2019-10-07,135.0700073,134.28963930228483
2019-10-08,136.8699951,133.67021218070846
2019-10-09,136.7599945,133.37529789014204
2019-10-10,135.9499969,133.31110162154835
2019-10-11,135.7700043,134.74965057678804
2019-10-14,136.3200073,134.9083993358868
2019-10-15,136.3500061,136.11735991153424
2019-10-16,137.3200073,136.19258159163329
2019-10-17,138.1499939,136.2353347603511
2019-10-18,138.2799988,134.81408631616776
2019-10-21,138.2799988,136.6702756562906
2019-10-22,138.6799927,136.70937735183318
2019-10-23,139.0200043,136.9243795515229
2019-10-24,138.5500031,138.73407014065745
2019-10-25,139.8300018,138.8616741212566
2019-10-28,140.5599976,138.5110746444691
2019-10-29,140.7400055,139.31300430692755
2019-10-30,140.3699951,140.1563438590671
2019-10-31,142.8600006,139.5190388713045
2019-11-01,144.3899994,139.7899231556196
2019-11-04,145.0599976,140.8295613838932
2019-11-05,144.5399933,139.9844580939391
2019-11-06,144.5599976,139.8321131990841
2019-11-07,143.8699951,140.14723462561523
2019-11-08,144.2700043,139.79435507880075
2019-11-11,143.6000061,139.4415066624363
2019-11-12,142.8500061,139.66661832632752
2019-11-13,141.3699951,139.66661832632752
2019-11-14,142.1399994,138.92127129986608
2019-11-15,142.5299988,138.92127129986608
2019-11-18,142.5399933,138.85550095159007
2019-11-19,141.9700012,139.2800687689168
2019-11-20,141.6600037,139.0555433549578
2019-11-21,140.2100067,139.0555433549578
2019-11-22,140.2700043,138.95561278246834
2019-11-25,140.7299957,139.43520634699874
2019-11-26,143.3800049,139.91454786920633
2019-11-27,142.8300018,139.82017691829756
2019-11-29,142.7700043,140.75301797432965
2019-12-02,141.8899994,140.75301797432965
2019-12-03,141.1799927,139.8403810345644
2019-12-04,141.6199951,138.8222953286145
2019-12-05,141.6000061,139.5886654379119
2019-12-06,142.1000061,140.36199643012165
2019-12-09,142.5299988,138.61876781397714
2019-12-10,142.7700043,138.30844781770244
2019-12-11,142.3899994,138.6838646227744
2019-12-12,142.7599945,138.5860532265313
2019-12-13,141.9700012,138.5860532265313
2019-12-16,141.9600067,138.5860532265313
2019-12-17,141.3399963,138.77839837398915
2019-12-18,141.5299988,138.5860532265313
2019-12-19,141.2799988,138.8783289464786
2019-12-20,140.6100006,138.68598379902076
2019-12-23,140.5399933,138.5860532265313
2019-12-24,142.2400055,139.48275673061832
2019-12-26,140.75,138.64772707082932
2019-12-27,140.7700043,138.64772707082932
2019-12-30,141.5099945,138.4782706840781
2019-12-31,141.1600037,138.1637457353014
2020-01-02,140.5099945,138.41659683978008
2020-01-03,139.7299957,138.1637457353014
2020-01-06,140.5599976,138.1637457353014
2020-01-07,140.3699951,138.1637457353014
2020-01-08,139.3600006,138.1637457353014
2020-01-09,140.1000061,137.84832928669246
2020-01-10,140.0399933,138.35294989336919
2020-01-13,142.3800049,137.5840035776867
2020-01-14,141.5599976,137.5840035776867
2020-01-15,143.0599976,137.6818149739298
2020-01-16,142.7599945,137.5840035776867
2020-01-17,141.0599976,137.5840035776867
2020-01-21,142.5800018,137.8169929250155
2020-01-22,141.5500031,137.8811891936092
2020-01-23,141.0800018,139.59488653600968
2020-01-24,138.8399963,139.59488653600968
2020-01-27,138.9199982,138.5860532265313
2020-01-28,140.9499969,138.5860532265313
2020-01-29,141.7200012,138.5860532265313
2020-01-30,143.8500061,138.6838646227744
2020-01-31,142.3399963,138.27034189861004
2020-02-03,141.2799988,137.78413301809877
2020-02-04,142.1100006,137.72245917380076
2020-02-05,142.4299927,137.93730757315802
2020-02-06,141.1000061,139.36964136973097
2020-02-07,140.1499939,139.26971079724152
2020-02-10,139.3800049,139.26971079724152
2020-02-11,137.8399963,138.43911912086227
2020-02-12,139.1100006,138.24677397340443
2020-02-13,139.0399933,138.08247664829895
2020-02-14,134.4900055,138.10673211175245
2020-02-18,134.0299988,137.92227787841762
2020-02-19,135.1300049,137.5591452363071
2020-02-20,131.3999939,137.98747954781166
2020-02-21,130.75,137.92580570351365
2020-02-24,132.7100067,135.4041357026186
2020-02-25,130.9499969,135.59452594236416
2020-02-26,131.8500061,134.76999012899645
2020-02-27,129.1999969,134.96454558907323
2020-02-28,127.1100006,134.61170483442322
2020-03-02,122.7900009,134.16472579732002
2020-03-03,126.9899979,134.93184468186107
2020-03-04,122.7900009,134.7527545854472
2020-03-05,112.1999969,133.2190120716954
2020-03-06,116.2300034,131.1658781669461
2020-03-09,108.5,126.31806644015987
2020-03-10,118.8899994,127.52947222541002
2020-03-11,116.0699997,124.43894740281013
2020-03-12,118.2300034,108.03521814737775
2020-03-13,116.4599991,117.33268446190232
2020-03-16,111.0999985,111.0222054233616
2020-03-17,116.3499985,119.54687479423187
2020-03-18,121.2900009,116.43402375661674
2020-03-19,126.3399963,117.58333960175813
2020-03-20,127.2399979,115.52737922002356
2020-03-23,125.2200012,111.23549057543062
2020-03-24,119.9499969,117.22494638210982
2020-03-25,119.9499969,120.92008013711195
2020-03-26,117.8199997,127.42427766814035
2020-03-27,115.0,124.43452822479067
2020-03-30,122.4100037,121.90682551094226
2020-03-31,121.9000015,118.99261666309181
2020-04-01,123.5400009,119.20258233316572
2020-04-02,123.4100037,117.49910145671106
2020-04-03,121.2600021,117.44044088238304
2020-04-06,124.6399994,118.95199369728749
2020-04-07,122.9899979,119.62433629533174
2020-04-08,121.8300018,121.99315472599544
2020-04-09,124.6100006,122.12413382786755
2020-04-13,121.7099991,118.70118414019382
2020-04-14,120.6699982,123.991419011268
2020-04-15,121.4300003,122.366336124771
2020-04-16,121.6800003,121.04332195975545
2020-04-17,122.5599976,123.88863391124026
2020-04-20,124.1999969,121.31756842760154
2020-04-21,125.4899979,119.67392152377097
2020-04-22,127.8600006,119.732179188288
2020-04-23,123.5899963,121.25342330667856
2020-04-24,121.1200027,121.07583930692165
2020-04-27,120.6999969,124.11406510275884
2020-04-28,121.9599991,125.16099483013271
2020-04-29,121.5800018,125.67857126953301
2020-04-30,121.5199966,124.66156057619993
2020-05-01,121.5199966,120.55380182307678
2020-05-04,123.6200027,120.29969745864331
2020-05-05,120.1699982,121.34176993781553
2020-05-06,117.7600021,121.17815735109062
2020-05-07,116.9499969,121.18850992789852
2020-05-08,116.8899994,121.19278619081733
2020-05-11,119.4700012,123.88517802245134
2020-05-12,118.2200012,119.67154207242677
2020-05-13,119.8199997,117.52000673646259
2020-05-14,117.9499969,116.49444453447546
,117.5599976,116.49444453447546
2020-05-18,124.1100006,119.11054197436141
2020-05-19,126.8099976,119.26928887720813
2020-05-20,128.3600006,120.00964524901366
2020-05-21,126.0100021,117.67006963609118
2020-05-22,126.4499969,117.70992175855964
2020-05-26,126.4800034,124.05836657284988
2020-05-27,128.7299957,124.96282583164565
2020-05-28,128.1600037,126.24596306534713
2020-05-29,131.1000061,125.74000276215868
2020-06-01,132.0700073,125.7609211633959
2020-06-02,130.5899963,125.7609211633959
2020-06-03,131.0099945,127.88990477071432
2020-06-04,124.4400024,126.56786768197341
2020-06-05,127.8199997,130.1177064424968
2020-06-08,127.4000015,129.26807137054564
2020-06-09,129.6000061,127.13856129589432
2020-06-10,128.8800049,130.56985088816393
2020-06-11,129.1199951,124.45342584159143
2020-06-12,127.7900009,125.30231375020097
2020-06-15,128.1300049,127.2278646736044
2020-06-16,129.0899963,128.32445576423265
2020-06-17,127.8000031,128.19847050221182
2020-06-18,127.7699966,128.74769740844414
2020-06-19,126.1600037,126.48916617464306
2020-06-22,126.8899994,127.3019234956436
2020-06-23,125.6299973,129.23820421342566
2020-06-24,124.1399994,127.21561834429203
2020-06-25,126.3899994,126.84764177485407
2020-06-26,126.9800034,126.94545317109714
2020-06-29,124.9599991,126.84764177485407
2020-06-30,125.4100037,125.97755871387625
2020-07-01,123.8300018,125.4949943646578
2020-07-02,124.9700012,125.81288803059762
2020-07-06,125.0500031,125.8235956582501
2020-07-07,126.4300003,125.31615795892154
2020-07-08,127.3300018,125.24671877322977
2020-07-09,126.4899979,124.11290497367908
2020-07-10,127.0599976,124.30367027841129
2020-07-13,127.2799988,124.24498105903264
2020-07-14,126.2699966,125.02759762284319
2020-07-15,126.2600021,125.53266887739761
2020-07-16,125.8600006,125.67317773178945
2020-07-17,125.2099991,126.01195814401967
2020-07-20,127.5699997,126.18141453077091
2020-07-21,125.4599991,125.94546916610349
2020-07-22,123.9899979,126.45787885053461
2020-07-23,122.4599991,126.07684866543073
2020-07-24,119.3399963,125.18808569220299
2020-07-27,120.9400024,126.45787885053461
2020-07-28,122.9100037,125.92781572917411
2020-07-29,124.8199997,124.86290404662586
2020-07-30,128.3399963,121.66196555592751
2020-07-31,129.9600067,119.36941099807493
2020-08-03,130.5700073,119.60961938311642
2020-08-04,133.75,122.02068673821745
2020-08-05,136.4400024,123.75107646466876
2020-08-06,135.6399994,125.79379724920875
2020-08-07,134.2200012,127.29006638565814
2020-08-10,135.5299988,128.14276400791238
2020-08-11,136.0800018,130.35990217531275
2020-08-12,135.2100067,134.28408770772265
2020-08-13,134.0899963,133.15190925598287
2020-08-14,133.8300018,133.06823888112012
2020-08-17,134.7599945,131.42085180026987
2020-08-18,134.7899933,132.58216685253112
2020-08-19,134.8899994,131.0548277711811
2020-08-20,133.5599976,131.60112054446753
2020-08-21,133.9199982,131.5211796691922
2020-08-24,132.4299927,132.1740232849724
2020-08-25,132.3000031,132.1740232849724
2020-08-26,132.5200043,132.1082529366964
2020-08-27,129.9499969,131.41630762537363
2020-08-28,133.1699982,132.46282289128095
2020-08-31,131.2299957,132.29335781036966
2020-09-01,131.1300049,133.56236939321332
2020-09-02,130.1799927,133.3822084373426
2020-09-03,131.3399963,132.791626611518
2020-09-04,133.7700043,134.06322522102042
2020-09-08,134.0299988,134.30601998214362
2020-09-09,134.0299988,133.2942601737604
2020-09-10,135.0,131.66189195431792
2020-09-11,134.25,133.17628532494354
2020-09-14,131.2200012,132.87181671952231
2020-09-15,132.25,133.8785805487868
2020-09-16,133.2899933,133.8785805487868
2020-09-17,131.8500061,134.89034035717003
2020-09-18,132.9700012,134.89034035717003
2020-09-21,136.0099945,132.31620562801774
2020-09-22,134.25,132.19823077920088
2020-09-23,132.4400024,132.1004193829578
2020-09-24,132.4299927,132.19823077920088
2020-09-25,131.7299957,132.1004193829578
2020-09-28,132.1000061,134.30543616021725
2020-09-29,131.2599945,133.10718321222228
2020-09-30,132.4299927,132.1004193829578
2020-10-01,132.9499969,132.1004193829578
2020-10-02,132.0800018,131.90727374209987
2020-10-05,131.8000031,132.07554374970653
2020-10-06,132.6499939,132.00508513834296
2020-10-07,131.5299988,131.90727374209987
2020-10-08,131.1699982,132.24929435080847
2020-10-09,130.6399994,132.60662107310648
2020-10-12,130.8800049,131.95506049125413
2020-10-13,131.3099976,132.10409342751075
2020-10-14,133.1399994,131.78956847873405
2020-10-15,133.4199982,131.62028564239407
2020-10-16,133.2799988,129.74375516651963
2020-10-19,132.8500061,130.77882742236636
2020-10-20,132.4600067,131.01668068026143
2020-10-21,130.0700073,131.31214436528833
2020-10-22,131.3500061,132.01256397492241
2020-10-23,131.2899933,132.49654531045033
2020-10-26,133.2400055,132.8217210492185
2020-10-27,135.8699951,132.61282906738884
2020-10-28,134.1600037,130.25654440253206
2020-10-29,137.0700073,131.813431283252
2020-10-30,137.1999969,131.7492350146583
2020-11-02,139.6399994,132.12884773186093
2020-11-03,139.9400024,134.3476418742255
2020-11-04,142.4799957,132.98920836340542
2020-11-05,139.6900024,134.31844586047902
2020-11-06,141.6199951,135.00690894186144
2020-11-09,144.1100006,137.39262257214958
2020-11-10,142.7400055,137.36653057686877
2020-11-11,141.8300018,138.61201253263548
2020-11-12,140.9199982,139.29643552591605
2020-11-13,142.1300049,139.01088315219377
2020-11-16,143.2599945,141.30326743878504
2020-11-17,143.8399963,141.00572388434873
2020-11-18,141.3099976,139.27123666761975
2020-11-19,140.1600037,139.79074760350005
2020-11-20,134.4600067,139.19965060156568
2020-11-23,136.1399994,139.19965060156568
2020-11-24,136.3399963,138.73602175031075
2020-11-25,136.8500061,138.87120997159738
2020-11-27,138.2799988,138.7294783838198
2020-11-30,138.1499939,136.76836832716893
2020-12-01,138.7400055,137.96662127516387
2020-12-02,140.8800049,137.96662127516387
2020-12-03,143.0700073,137.53882591130503
2020-12-04,151.0,138.9551318203982
2020-12-07,153.5800018,139.68461763939226
2020-12-08,152.8500061,139.69674198178137
2020-12-09,155.0899963,139.57582843488245
2020-12-10,154.6399994,139.6031484126867
2020-12-11,153.7700043,139.70307898517615
2020-12-14,151.7700043,139.61655699805883
2020-12-15,150.7700043,137.9605895800459
2020-12-16,151.1600037,138.05963028806863
2020-12-17,150.4700012,138.05963028806863
2020-12-18,152.6000061,137.28370707189222
2020-12-21,153.3399963,137.5524330665163
2020-12-22,154.0899963,137.5524330665163
2020-12-23,154.5700073,137.5524330665163
2020-12-24,153.2899933,137.5524330665163
2020-12-28,153.3999939,137.22114249291957
2020-12-29,153.5299988,137.27702457754495
2020-12-30,152.6699982,138.05963028806863
2020-12-31,152.8500061,138.05963028806863
2021-01-04,153.3899994,137.86065900755645
2021-01-05,151.75,137.0221712124074
2021-01-06,150.6499939,137.99802580371372
2021-01-07,151.3399963,138.75481056411073
2021-01-08,148.4100037,138.75481056411073
2021-01-11,148.1300049,139.7192258968623
2021-01-12,149.9799957,139.88050611342973
2021-01-13,151.3399963,140.48039777745097
2021-01-14,147.9499969,139.58092845622693
2021-01-15,146.7200012,139.9884469259042
2021-01-19,145.9799957,141.19961282537705
2021-01-20,142.6399994,139.91798831454065
2021-01-21,143.3000031,139.82017691829756
2021-01-22,140.5200043,140.00420754956014
2021-01-25,140.4100037,139.82014935663676
2021-01-26,143.1199951,139.38185988790872
2021-01-27,148.0700073,139.07252060217988
2021-01-28,148.0200043,139.05850300057867
2021-01-29,150.8600006,138.9326863616853
2021-02-01,152.9299927,138.97226476185386
2021-02-02,154.0,138.08709183262494
2021-02-03,161.5599976,137.78767850292482
2021-02-04,158.9400024,138.7277276058658
2021-02-05,160.4900055,138.68772665643436
2021-02-08,156.4799957,138.85424096919704
2021-02-09,156.5299988,139.5366510814898
2021-02-10,153.4499969,139.28633071694063
2021-02-11,153.5500031,138.91825726057164
2021-02-12,152.4400024,138.6407024067525
2021-02-16,152.7299957,138.6407024067525
2021-02-17,152.4499969,138.74163552998115
2021-02-18,149.2599945,138.82247265634888
2021-02-19,147.9299927,138.89313333094987
2021-02-22,149.3399963,138.95079565875432
2021-02-23,149.2100067,138.50420080770692
2021-02-24,148.8300018,138.40427023521747
2021-02-25,146.8500061,138.47472884658103
2021-02-26,148.5200043,138.4427715886628
2021-03-01,148.2299957,137.9961767376154
2021-03-02,151.5399933,139.06646977958783
2021-03-03,151.8800049,139.04653258694273
2021-03-04,150.3600006,138.88001827418006
2021-03-05,150.5299988,138.84950292057914
2021-03-08,152.8999939,138.84950292057914
2021-03-09,152.1000061,138.59839612461846
2021-03-10,153.6399994,138.8259036313581
2021-03-11,157.7100067,138.8436622048601
2021-03-12,158.5800018,138.15419726302403
2021-03-15,154.4799957,139.40637204813123
2021-03-16,151.3399963,138.76984429255978
2021-03-17,150.6699982,139.047530457528
2021-03-18,150.6699982,139.72917098045696
2021-03-19,153.3699951,139.72917098045696
2021-03-22,154.8999939,139.01361404334008
2021-03-23,153.8699951,138.85780138622525
2021-03-24,156.0599976,138.95561278246834
2021-03-25,154.1600037,139.3748876557115
2021-03-26,155.3800049,139.09868198851711
2021-03-29,153.6499939,138.94845625723786
2021-03-30,154.6999969,139.64954944937912
2021-03-31,153.3800049,139.70307898517615
2021-04-01,154.2799988,139.6031484126867
2021-04-05,154.0899963,138.91368347085063
2021-04-06,155.7700043,138.9661270582776
2021-04-07,156.2200012,139.43520634699874
2021-04-08,157.3099976,139.60823942334088
2021-04-09,157.5700073,139.5104280270978
2021-04-12,156.4100037,139.00969264923003
2021-04-13,154.1000061,139.6045668399146
2021-04-14,155.1399994,139.6045668399146
2021-04-15,154.7799988,140.29403178175068
2021-04-16,154.9900055,140.29403178175068
2021-04-19,153.5399933,140.00892009694445
2021-04-20,152.8099976,139.75850307399955
2021-04-21,153.2599945,139.75850307399955
2021-04-22,152.4299927,139.68482775489608
2021-04-23,150.7700043,139.53239745149816
2021-04-26,152.2299957,138.6838646227744
2021-04-27,150.5899963,138.64772707082932
2021-04-28,151.4199982,138.6838646227744
2021-04-29,152.9600067,137.99894956929924
2021-04-30,153.6499939,137.9259710769849
2021-05-03,155.0599976,137.72584163657282
2021-05-04,152.2400055,138.75642586349414
2021-05-05,153.5200043,138.75642586349414
2021-05-06,155.2299957,138.42735603406464
2021-05-07,155.8500061,138.63501517803002
2021-05-10,158.6799927,138.67565937790098
2021-05-11,160.6600037,137.94555023619395
2021-05-12,159.2899933,137.96193897261142
2021-05-13,160.2200012,138.65815348783016
2021-05-14,161.1600037,138.7837733700428
2021-05-17,162.7799988,139.73699539936408
2021-05-18,162.2400055,139.70307898517615
2021-05-19,164.0200043,139.70307898517615
2021-05-20,165.5500031,139.72917098045696
2021-05-21,165.9799957,139.72917098045696
2021-05-24,172.3399963,139.84270191506533
2021-05-25,176.6300049,139.67026651897143
2021-05-26,179.6699982,139.85765119302934
2021-05-27,182.4100037,139.78951174514953
2021-05-28,180.8000031,139.8450349331985
2021-06-01,179.6100006,137.28370707189222
2021-06-02,180.5399933,136.62518635609408
2021-06-03,180.1799927,136.62518635609408
2021-06-04,181.4700012,137.8840656531932
2021-06-07,181.4700012,137.8840656531932
2021-06-08,182.4499969,138.6599888693696
2021-06-09,183.8399963,137.8840656531932
2021-06-10,185.1999969,137.82150107422055
2021-06-11,177.0299988,137.82150107422055
2021-06-14,178.8800049,137.82150107422055
2021-06-15,179.3899994,137.65655814645356
2021-06-16,177.7100067,137.8840656531932
2021-06-17,177.6699982,137.8840656531932
2021-06-18,178.1000061,138.12669965253647
2021-06-21,177.0700073,138.12669965253647
2021-06-22,176.7299957,136.7678897829479
2021-06-23,174.8399963,137.2494688731427
2021-06-24,175.4799957,137.64716198558182
2021-06-25,176.0299988,139.01879214355446
2021-06-28,174.9299927,138.75481056411073
2021-06-29,175.6499939,139.4300269211273
2021-06-30,174.2299957,139.4543620391203
2021-07-01,177.7899933,139.66030022561677
2021-07-02,178.8999939,139.08338073633828
2021-07-06,179.1799927,139.91155598915626
2021-07-07,180.0,139.81374459291317
2021-07-08,178.9299927,139.81374459291317
2021-07-09,178.1300049,138.91368347085063
2021-07-12,176.3000031,139.37564090594705
2021-07-13,178.1199951,139.6031484126867
2021-07-14,179.6799927,139.71147408473905
2021-07-15,177.9900055,140.350146004468
2021-07-16,179.8500061,140.2695390453316
2021-07-19,179.5,140.21130564636792
2021-07-20,178.4400024,140.11349425012483
2021-07-21,179.8699951,140.36946961782107
2021-07-22,181.4199982,140.11349425012483
2021-07-23,181.4199982,140.325421129957
2021-07-26,181.8800049,140.75982546815723
2021-07-27,185.9499969,139.75850307399955
2021-07-28,182.1799927,139.858433646489
2021-07-29,182.8600006,140.45007657695746
2021-07-30,180.7200012,139.66068106263194
2021-08-02,180.5700073,139.66068106263194
2021-08-03,179.8999939,140.45007657695746
2021-08-04,181.3800049,139.66068106263194
2021-08-05,180.9400024,139.704729550496
2021-08-06,181.3399963,139.704729550496
2021-08-09,180.6000061,139.60479897800656
2021-08-10,178.1699982,139.7730689856132
2021-08-11,175.7299957,139.60479897800656
2021-08-12,168.5500031,139.44875418279977
2021-08-13,168.5500031,139.44875418279977
2021-08-16,168.7400055,140.11349425012483
2021-08-17,171.0200043,138.7912506899774
2021-08-18,173.75,139.12166165231784
2021-08-19,171.5899963,139.07252060217988
2021-08-20,173.8800049,138.97226476185386
2021-08-23,172.8600006,138.97226476185386
2021-08-24,174.2299957,136.92798155876977
2021-08-25,176.2100067,136.2161042226681
2021-08-26,176.2400055,136.02384079172438
2021-08-27,179.2700043,136.19250493344705
2021-08-30,181.6399994,136.19250493344705
2021-08-31,180.0,136.56057838981604
2021-09-01,180.0700073,137.3435122479669
2021-09-02,176.3000031,138.7277276058658
2021-09-03,178.4600067,138.70499008445918
2021-09-07,179.3899994,138.87150439722186
2021-09-08,181.7100067,139.66038790554944
2021-09-09,181.9400024,138.98953034043672
2021-09-10,180.9499969,138.00308911900476
2021-09-13,176.7100067,138.00308911900476
2021-09-14,181.8999939,138.03360447260567
2021-09-15,181.5899963,139.2046469100419
2021-09-16,182.7899933,139.2307389053227
2021-09-17,182.5700073,139.89411185187797
2021-09-20,186.5200043,138.92509742886742
2021-09-21,184.8500061,139.01361404334008
2021-09-22,185.4499969,138.9577319587147
2021-09-23,177.75,138.9577319587147
2021-09-24,177.6199951,138.91368347085063
2021-09-27,171.8099976,139.6031484126867
2021-09-28,172.1399994,139.37564090594705
2021-09-29,166.9700012,139.8276738266457
2021-09-30,169.4700012,139.0260713938319
2021-10-01,171.9700012,139.0639384545207
2021-10-04,175.1499939,139.4958012026104
2021-10-05,177.1300049,138.84126216899347
2021-10-06,175.7700043,138.97226476185386
2021-10-07,175.5099945,137.20130929230734
2021-10-08,176.2700043,136.18430160518884
2021-10-11,178.5500031,136.19250493344705
2021-10-12,178.6699982,136.19250493344705
2021-10-13,177.75,136.86791210665135
2021-10-14,174.0200043,136.86791210665135
2021-10-15,173.3999939,137.155960557129
2021-10-18,172.2299957,136.88725534950987
2021-10-19,173.1999969,136.29596643316611
2021-10-20,174.0899963,136.1750528862672
2021-10-21,176.4799957,136.24008434854073
2021-10-22,176.5700073,136.51775961161172
2021-10-25,179.9799957,138.101748142131
2021-10-26,179.6100006,138.0751970514264
2021-10-27,181.0700073,138.00473844006282
2021-10-28,181.4799957,138.01687864284438
2021-10-29,179.2799988,138.6204306137922
2021-11-01,180.4799957,138.72274865796118
2021-11-02,176.3200073,139.6757590073719
2021-11-03,177.3600006,139.6757590073719
2021-11-04,179.0299988,139.70307898517615
2021-11-05,184.3999939,139.2165440812225
2021-11-08,184.3899994,138.9661270582776
2021-11-09,187.4299927,139.1545933255333
2021-11-10,186.2100067,139.1545933255333
2021-11-11,184.6499939,139.25452389802277
2021-11-12,185.9600067,139.72917098045696
2021-11-15,185.0899963,139.72917098045696
2021-11-16,185.0599976,139.92020384715877
2021-11-17,184.8099976,140.11863726583698
2021-11-18,179.8300018,139.76578884947253
2021-11-19,177.4700012,139.07632390763646
2021-11-22,177.8500061,139.02044182301108
2021-11-23,178.2899933,138.8272897800629
2021-11-24,183.1600037,138.7294783838198
2021-11-26,182.4600067,138.95561278246834
2021-11-29,184.5899963,139.52312118041465
2021-11-30,187.4400024,139.40220763351573
2021-12-01,182.4799957,139.3748876557115
2021-12-02,180.7700043,138.94845625723786
2021-12-03,182.3500061,139.23385751933017
2021-12-06,176.1199951,139.6031484126867
2021-12-07,180.7799988,139.6031484126867
2021-12-08,186.75,139.7240619595856
2021-12-09,187.3399963,139.07652632936725
2021-12-10,184.0399933,138.97871493312417
2021-12-13,181.9499969,139.25897210758765
2021-12-14,182.8200073,139.25897210758765
2021-12-15,181.3600006,139.57582843488245
2021-12-16,183.7799988,139.6031484126867
2021-12-17,185.8999939,138.91368347085063
2021-12-20,184.75,139.6031484126867
2021-12-21,183.6799927,138.96008450754306
2021-12-22,184.0800018,138.99875141602766
2021-12-23,185.3000031,139.04626765348095
2021-12-27,186.2899933,138.91368347085063
2021-12-28,199.1900024,139.10821840917015
2021-12-29,196.9499969,138.9661270582776
2021-12-30,199.75,139.69917120574468
2021-12-31,200.4400024,139.49108843162412
2022-01-03,200.3500061,139.5351369194882
2022-01-04,201.8999939,140.1447292611178
2022-01-05,206.6100006,138.57256295887268
2022-01-06,211.3699951,137.9605895800459
2022-01-07,210.6900024,138.05963028806863
2022-01-10,207.4700012,137.40110957227049
2022-01-11,202.4199982,136.6185038617468
2022-01-12,201.4700012,138.6599888693696
2022-01-13,199.7700043,137.8840656531932
2022-01-14,197.6999969,138.6599888693696
2022-01-18,197.0099945,139.28960757697394
2022-01-19,194.1699982,137.82150107422055
2022-01-20,189.9600067,138.12669965253647
2022-01-21,193.1300049,138.57329450358387
2022-01-24,198.4499969,137.31441520648474
2022-01-25,196.4299927,137.87300534979343
2022-01-26,199.6600037,137.83504087619892
2022-01-27,199.5299988,139.44722685736093
2022-01-28,196.8800049,138.97177863316378
2022-01-31,197.2400055,138.07297966162074
2022-02-01,200.3200073,138.19389320851965
2022-02-02,201.3699951,138.9392402349811
2022-02-03,194.4100037,139.34124560408893
2022-02-04,192.7100067,139.34124560408893
2022-02-07,188.9700012,138.79766443512224
2022-02-08,189.3999939,138.81832668808218
2022-02-09,190.3000031,138.12886174624612
2022-02-10,186.5399933,138.5251837821164
2022-02-11,188.9700012,139.1844446284047
2022-02-14,185.6399994,138.90057987213692
2022-02-15,183.8399963,138.3208377145222
2022-02-16,182.2299957,138.101748142131
2022-02-17,185.3800049,138.20331844617138
2022-02-18,182.9499969,137.85583339943852
2022-02-22,181.7100067,138.01987501524275
2022-02-23,179.1499939,138.13763612285933
2022-02-24,176.0899963,138.69541818059864
2022-02-25,170.75,137.815378335112
2022-02-28,160.1699982,138.5341497294224
2022-03-01,156.3399963,138.503985636256
2022-03-02,164.0500031,138.64984261577953
2022-03-03,164.4299927,139.6169259491358
2022-03-04,158.2700043,139.32755029380635
2022-03-07,161.0899963,136.97674464937967
2022-03-08,165.9299927,129.7792379690435
2022-03-09,171.8899994,136.57137479699145
2022-03-10,171.7400055,136.57137479699145
,171.7400055,136.11480301561681
2022-03-14,171.8000031,134.77853466607314
2022-03-15,172.8200073,134.859027534913
2022-03-16,175.7799988,137.04173077494053
2022-03-17,180.2700043,135.64113631642488
2022-03-18,178.4299927,137.65629000471614
2022-03-21,178.4299927,139.8793393535389
2022-03-22,184.8099976,139.8793393535389
2022-03-23,180.6199951,140.48692606981757
2022-03-24,180.25,137.0383727535543
2022-03-25,180.3699951,135.10406950262671
2022-03-28,182.5800018,135.1872949279095
2022-03-29,177.6600037,136.19366026299053
2022-03-30,176.5200043,136.054884112189
2022-03-31,174.4900055,136.40371105761935
2022-04-01,170.7799988,136.9289971366324
2022-04-04,169.6399994,137.73643692728533
2022-04-05,165.7299957,138.5397634630702
2022-04-06,168.4400024,137.87526319071648
2022-04-07,167.2599945,137.47631780769237
2022-04-08,170.2700043,136.66022713126318
2022-04-11,171.4499969,137.0900334715557
2022-04-12,175.4499969,138.6906035420749
2022-04-13,173.6699982,137.43256772549375
2022-04-14,169.5299988,137.56434449990067
2022-04-18,172.1600037,135.57893468139252
2022-04-19,166.8200073,135.7674001405695
2022-04-20,168.0399933,136.19250493344705
2022-04-21,172.9700012,136.19250493344705
2022-04-22,171.0,136.04072787410706
2022-04-25,170.6900024,135.503039991611
2022-04-26,172.0599976,135.77844848058234
2022-04-27,174.8500061,136.66362140981127
2022-04-28,169.9299927,136.9532777229167
2022-04-29,173.3000031,137.0091598075421
2022-05-02,168.4700012,136.9532777229167
2022-05-03,166.4499969,138.48425754869854
2022-05-04,157.0599976,138.60641301219098
2022-05-05,158.5399933,137.95887738197263
2022-05-06,161.3300018,137.8703285560949
2022-05-09,159.2100067,137.8982402661114
2022-05-10,159.9799957,138.13090629737658
2022-05-11,155.4799957,139.36730765631907
2022-05-12,155.8899994,138.85820494732815
2022-05-13,158.6600037,138.16980229717166
2022-05-16,161.3500061,140.7820332923041
2022-05-17,160.6000061,140.7820332923041
2022-05-18,161.0299988,138.41883475020296
2022-05-19,165.5299988,138.73175301990688
2022-05-20,166.8300018,138.2061371364799
2022-05-23,166.3699951,136.75233209898394
2022-05-24,168.6999969,138.1987471954648
2022-05-25,170.2400055,136.86798308055867
2022-05-26,164.8099976,137.6621008493086
2022-05-27,165.5800018,135.35356632629825
2022-05-31,166.25,135.85815249302223
2022-06-01,166.25,135.75832657431607
2022-06-02,164.5099945,135.97865806330083
2022-06-03,161.3000031,136.4872442580108
2022-06-06,155.5,138.0595736304872
2022-06-07,155.1600037,138.0595736304872
2022-06-08,156.75,137.2066166909652
2022-06-09,154.4600067,137.28797240754005
2022-06-10,153.9499969,137.99015841159866
2022-06-13,159.0899963,138.20331844617138
2022-06-14,159.1399994,138.20331844617138
2022-06-15,157.5200043,137.6987322794474
2022-06-16,159.0800018,139.10404153626078
2022-06-17,156.5299988,139.01346953404484
2022-06-21,157.1100006,137.56818097802855
2022-06-22,155.6699982,137.4170596683928
2022-06-23,154.1699982,136.347880997075
2022-06-24,155.4700012,135.68791876672307
2022-06-27,154.6699982,136.66020373285528
2022-06-28,152.8300018,136.04280862954084
2022-06-29,157.1499939,136.67917157067174
2022-06-30,156.7599945,137.17216969730916
2022-07-01,155.1699982,137.44992229134937
2022-07-05,155.4299927,137.272362574948
2022-07-06,155.4400024,137.71318841140766
2022-07-07,153.1399994,137.33690665936513
2022-07-08,156.6999969,137.69822370260226
2022-07-11,156.75,136.95985691047989
2022-07-12,160.4199982,137.0170736189088
2022-07-13,157.8999939,137.76242064537024
2022-07-14,159.1799927,137.27871153014763
2022-07-15,160.3000031,137.18090013390454
2022-07-18,159.4199982,137.01573899510527
2022-07-19,158.0599976,138.5593237321308
2022-07-20,160.0500031,138.33181622539115
2022-07-21,159.5099945,138.67327190622146
2022-07-22,162.5899963,138.77558995039044
2022-07-25,166.7700043,139.25301406383616
2022-07-26,163.6600037,138.6054784336178
2022-07-27,163.1300049,138.93405204923752
2022-07-28,156.6600037,138.87816996461214
2022-07-29,157.3099976,138.92565694967462
2022-08-01,156.1999969,139.72917098045696
2022-08-02,152.9400024,139.70307898517615
2022-08-03,157.8899994,139.70307898517615
2022-08-04,158.6000061,138.95561278246834
2022-08-05,161.3099976,139.11672626484452
2022-08-08,160.4600067,139.4958012026104
2022-08-09,159.4199982,138.3035742864974
2022-08-10,160.7700043,138.0433535949374
2022-08-11,159.1300049,138.0332837161251
2022-08-12,156.4600067,139.40637204813123
2022-08-15,154.3200073,139.57582843488245
2022-08-16,153.4799957,139.57582843488245
2022-08-17,154.5,139.57582843488245
2022-08-18,156.0,138.95139495531993
2022-08-19,151.7700043,139.71915489185784
2022-08-22,151.7700043,138.84126216899347
2022-08-23,150.1699982,139.0053037847977
2022-08-24,149.3699951,138.20362737714467
2022-08-25,146.8000031,137.95887738197263
2022-08-26,145.5599976,138.13090629737658
2022-08-29,143.9400024,137.0506880723839
2022-08-30,143.3399963,138.1539868284912
2022-08-31,144.1300049,139.0010154831282
2022-09-01,145.5899963,138.40923442341008
2022-09-02,145.0399933,139.38382083075513
2022-09-06,140.2299957,138.67376175406474
2022-09-07,141.4700012,139.53501554500846
2022-09-08,140.4499969,139.53501554500846
2022-09-09,140.7400055,138.33692434607562
2022-09-12,141.4499969,138.33692434607562
2022-09-13,140.7299957,138.73175301990688
2022-09-14,137.5800018,138.73175301990688
2022-09-15,139.0500031,138.73175301990688
2022-09-16,137.2799988,139.6169259491358
2022-09-19,135.6199951,138.73175301990688
2022-09-20,135.7400055,138.58143281958795
2022-09-21,136.8899994,138.33886177130591
2022-09-22,133.7599945,138.71960997019877
2022-09-23,130.2899933,136.8087120282993
2022-09-26,135.5899963,136.4956320095333
2022-09-27,139.8500061,136.66645516425513
2022-09-28,138.0899963,137.07386552934787
2022-09-29,136.1699982,136.12008494450976
2022-09-30,135.8500061,134.64420154272946
2022-10-03,134.8600006,138.82870546780765
2022-10-04,135.0599976,141.6504999791284
2022-10-05,135.0,141.33462925177338
2022-10-06,136.3800049,138.63138510053886
2022-10-07,134.1100006,136.5217880269775
2022-10-10,136.1600037,135.59131437398221
2022-10-11,134.2599945,137.69273076346914
2022-10-12,132.9700012,136.19006449207774
2022-10-13,133.2400055,136.3945777656911
2022-10-14,133.7599945,135.40037984451584
2022-10-17,134.7400055,135.8191674913461
2022-10-18,137.0700073,134.20408873151365
2022-10-19,137.9299927,132.5283609101327
2022-10-20,136.4700012,133.13685051649887
2022-10-21,139.5200043,133.08240100700257
2022-10-24,138.8099976,133.4353152072946
2022-10-25,135.1600037,134.78498328162036
2022-10-26,135.3899994,136.39935178267626
2022-10-27,135.25,135.57101712771663
2022-10-28,137.3500061,139.63044623233546
2022-10-31,137.2599945,139.63091599813563
2022-11-01,137.5,134.86614508940198
2022-11-02,134.5299988,134.85212748780077
2022-11-03,140.5200043,134.75431609155768
2022-11-04,143.2599945,136.06439803739693
2022-11-07,142.1199951,135.96658664115384
2022-11-08,143.75,138.82848510638019
2022-11-09,142.1199951,134.7683336931589
2022-11-10,142.9299927,139.6286802025258
2022-11-11,143.1900024,139.88906918032572
2022-11-14,142.1600037,139.8078662166918
2022-11-15,145.3300018,140.32865226061068
2022-11-16,146.7100067,139.70307898517615
2022-11-17,148.2700043,139.6031484126867
2022-11-18,146.5099945,138.85780138622525
2022-11-21,145.3999939,138.9577319587147
2022-11-22,147.6900024,139.01361404334008
2022-11-23,147.6600037,139.95369639441597
2022-11-25,146.5299988,139.6681440206937
2022-11-28,143.1900024,139.61655699805883
2022-11-29,141.0899963,139.76578884947253
2022-11-30,141.8600006,139.4151414866
2022-12-01,142.2799988,138.87120997159738
2022-12-02,143.3399963,138.6780579286492
,144.1199951,139.18013819642735
2022-12-06,144.5,139.14698494073082
2022-12-07,144.6499939,139.40220763351573
2022-12-08,141.6600037,139.40220763351573
2022-12-09,140.4299927,139.0639384545207
2022-12-12,139.6100006,138.9661270582776
2022-12-13,138.8300018,140.18055337346019
2022-12-14,137.4600067,140.25577505355923
2022-12-15,137.0,139.90639615331705
2022-12-16,137.1399994,139.77790702869092
2022-12-19,136.1600037,139.82797416274784
2022-12-20,134.1300049,139.17483864634886
2022-12-21,137.4100037,138.27377622897242
2022-12-22,136.5800018,136.73345210441778
2022-12-23,138.2799988,136.66299349305422
2022-12-27,137.1900024,136.6436502501957
2022-12-28,135.5200043,135.65516305822538
2022-12-29,138.9700012,135.7063900649441
2022-12-30,139.9400024,135.8704316807483
2023-01-03,139.1399994,137.72366945462144
2023-01-04,138.8500061,135.8704316807483
2023-01-05,142.3600006,134.72806081737875
2023-01-06,140.3000031,137.73794975990015
2023-01-09,144.7700043,138.20368893420337
2023-01-10,145.5099945,137.58049737123437
2023-01-11,144.1799927,137.57574233999853
2023-01-12,146.1100006,138.37915545592526
2023-01-13,146.0299988,137.58975994159974
2023-01-17,146.0099945,139.33455327701552
2023-01-18,146.1499939,139.5131652416936
2023-01-19,145.4700012,139.70307898517615
2023-01-20,147.1600037,139.70307898517615
2023-01-23,145.1799927,139.70307898517615
2023-01-24,147.1100006,139.08091008598225
2023-01-25,148.5800018,139.14876482541652
2023-01-26,146.6199951,139.1465804814316
2023-01-27,144.7100067,139.05111999663768
2023-01-30,143.7899933,138.9577319587147
2023-01-31,144.6399994,138.9577319587147
2023-02-01,143.8300018,139.62769971537563
2023-02-02,144.8300018,138.9577319587147
2023-02-03,143.4199982,139.0555433549578
2023-02-06,143.8600006,138.85780138622525
2023-02-07,142.6499939,138.95561278246834
2023-02-08,140.9700012,139.13439706588426
2023-02-09,142.6999969,139.83205900678914
2023-02-10,142.8500061,139.82017691829756
2023-02-13,139.1799927,138.18856940862423
2023-02-14,138.6499939,138.71588981061197
2023-02-15,138.9499969,139.05120304095428
2023-02-16,136.0500031,139.05120304095428
2023-02-17,136.25,138.78393525795997
2023-02-21,135.9199982,138.8268844748577
2023-02-22,136.5299988,138.87257634165758
2023-02-23,137.2700043,138.84873724455403
2023-02-24,139.8300018,136.85341600622033
2023-02-27,140.1300049,136.85341600622033
2023-02-28,139.0800018,135.9682430769914
2023-03-01,139.7100067,135.9682430769914
2023-03-02,138.5200043,135.9682430769914
2023-03-03,137.9700012,138.0325761430271
2023-03-06,137.1199951,138.0325761430271
2023-03-07,136.6699982,138.70798331623138
2023-03-08,133.5800018,138.5733113022452
2023-03-09,135.8999939,138.03786161725384
2023-03-10,133.4799957,138.33249524905855
2023-03-13,135.1300049,136.11205428009373
2023-03-14,135.7799988,136.0927110372352
2023-03-15,135.5700073,134.61542184528892
2023-03-16,135.8699951,135.12864329040596
2023-03-17,136.6499939,133.97206042486226
2023-03-20,136.6499939,133.93039034241102
2023-03-21,137.9299927,133.90019629636822
2023-03-22,139.6699982,134.12635785585962
2023-03-23,139.6199951,135.31949246778782
2023-03-24,141.6900024,136.51273916071392
2023-03-27,142.3399963,136.0507817256175
2023-03-28,142.1399994,138.0188469240292
2023-03-29,140.4199982,138.573925858434
2023-03-30,138.8699951,138.573925858434
2023-03-31,138.0099945,139.25359858853815
2023-04-03,137.5899963,139.33455327701552
2023-04-04,136.4400024,139.57564747198603
2023-04-05,137.2299957,138.70718109937093
2023-04-06,135.9600067,138.58920625055407
2023-04-10,137.75,138.59294311563235
2023-04-11,137.0399933,138.60301315700315
2023-04-12,135.2599945,137.04655739195957
2023-04-13,133.8000031,136.46582804136523
2023-04-14,134.6699982,136.0508502015959
2023-04-17,134.8399963,137.34003818364516
2023-04-18,133.5099945,135.9530388053528
2023-04-19,134.0200043,134.8300075374569
2023-04-20,137.5200043,134.4249993321228
2023-04-21,137.3300018,134.98003155165992
2023-04-24,136.6900024,135.12353481470288
2023-04-25,135.1600037,134.47069119892268
2023-04-26,135.5700073,135.08636053432102
2023-04-27,134.9100037,137.9394814567744
2023-04-28,137.5399933,136.4708783250746
2023-05-01,137.8099976,136.00892088997819
2023-05-02,140.8500061,134.79996031433078
2023-05-03,143.5899963,134.8858896220823
2023-05-04,142.6699982,134.7250183548588
2023-05-05,143.2700043,136.90282868823658
2023-05-08,142.3999939,137.46159453914194
2023-05-09,141.1300049,140.34176662363177
2023-05-10,142.0200043,140.2886246782576
2023-05-11,142.5099945,140.395230710036
2023-05-12,142.2200012,140.3547442558915
2023-05-15,141.1900024,139.72917098045696
2023-05-16,139.5500031,138.9577319587147
2023-05-17,139.3300018,138.9577319587147
2023-05-18,139.6000061,138.9577319587147
2023-05-19,140.0800018,138.9577319587147
2023-05-22,137.7299957,138.9577319587147
2023-05-23,136.1300049,138.9577319587147
2023-05-24,140.6499939,139.0555433549578
2023-05-25,146.0,138.95561278246834
2023-05-26,145.7299957,138.95561278246834
2023-05-30,148.4799957,138.85536667823382
2023-05-31,145.3099976,137.57177179988446
2023-06-01,146.8600006,138.94663992408408
2023-06-02,148.6399994,139.6031484126867
2023-06-05,149.5899963,139.6031484126867
2023-06-06,158.0800018,139.70307898517615
2023-06-07,165.5700073,139.6031484126867
2023-06-08,168.1799927,139.6031484126867
2023-06-09,164.3500061,139.92760439913516
2023-06-12,157.1499939,139.425524131357
2023-06-13,156.5,138.28745679532253
2023-06-14,157.1100006,137.3432051273123
2023-06-15,153.3800049,139.40894141450633
2023-06-16,154.5500031,138.93107330367283
2023-06-20,157.1799927,138.90498130839202
2023-06-21,160.1100006,138.2270737226893
2023-06-22,160.3999939,139.00495914733344
2023-06-23,160.75,137.64614927774485
2023-06-26,160.4700012,137.21448463399528
2023-06-27,161.8999939,137.0951199251493
2023-06-28,160.8300018,138.03353829278782
2023-06-29,161.7700043,138.03353829278782
2023-06-30,160.2400055,138.03353829278782
2023-07-03,158.4199982,138.03353829278782
2023-07-05,159.2700043,137.93360772029837
2023-07-06,160.3500061,137.21603347204822
2023-07-07,159.1499939,137.2719155566736
2023-07-10,159.4499969,138.19188806335455
2023-07-11,163.1900024,137.6817842462041
2023-07-12,163.9700012,138.7317084134549
2023-07-13,163.2799988,138.6338970172118
2023-07-14,162.8099976,138.83163898594435
2023-07-17,164.5299988,138.75816270769425
2023-07-18,165.5599976,139.46571035552955
2023-07-19,165.6999969,139.57231538485033
2023-07-20,165.4299927,139.47238481236087
2023-07-21,167.1499939,140.02344608797304
2023-07-24,168.2400055,140.14972034562382
2023-07-25,171.8399963,139.8243829731151
2023-07-26,173.8500061,139.53670726610795
2023-07-27,168.5700073,139.53670726610795
2023-07-28,170.7899933,139.7067330521835
2023-07-31,173.3899994,139.59840738013114
2023-08-01,170.2899933,139.59840738013114
2023-08-02,167.2299957,138.68872796826443
2023-08-03,167.6600037,138.66263597298362
2023-08-04,167.2799988,138.68872796826443
2023-08-07,166.6999969,138.68872796826443
2023-08-08,165.3899994,137.82414817783456
2023-08-09,162.2400055,138.1283790972515
2023-08-10,162.2799988,138.82492988391363
2023-08-11,161.8699951,138.51677771208176
2023-08-14,162.7899933,139.1246527796966
2023-08-15,164.9900055,138.92460012875057
2023-08-16,165.9100037,139.14698494073082
2023-08-17,162.7799988,139.14698494073082
2023-08-18,164.4600067,139.11966496292658
2023-08-21,167.25,139.88423601135202
2023-08-22,167.3899994,139.78642461510893
2023-08-23,168.0500031,139.69674198178137
2023-08-24,172.1300049,139.7203412710024
2023-08-25,172.5399933,140.07413917492
2023-08-28,175.3699951,139.69674198178137
2023-08-29,178.8300018,139.0808984313659
2023-08-30,178.8699951,139.00433834186325
2023-08-31,177.1300049,139.70307898517615
2023-09-01,178.6699982,139.70307898517615
2023-09-05,181.2799988,139.72917098045696
2023-09-06,183.9799957,140.18609182299764
2023-09-07,187.9799957,137.9866815753267
2023-09-08,189.1999969,137.9866815753267
2023-09-11,188.9600067,137.9866815753267
2023-09-12,195.0399933,138.05963028806863
2023-09-13,188.75,137.40110957227049
2023-09-14,186.3000031,136.62518635609408
2023-09-15,187.1000061,137.8840656531932
2023-09-18,184.8399963,137.8840656531932
2023-09-19,180.5,137.8840656531932
2023-09-20,182.3899994,138.6599888693696
2023-09-21,182.4199982,137.79540907893974
2023-09-22,179.75,137.79540907893974
2023-09-25,178.4600067,138.12669965253647
2023-09-26,173.6499939,137.21448463399528
2023-09-27,169.4499969,137.87300534979343
2023-09-28,173.0399933,137.42641049874604
2023-09-29,173.1799927,137.8000566370515
2023-10-02,174.1199951,139.0040333379346
2023-10-03,177.1499939,138.97177863316378
2023-10-04,178.0299988,139.39577609726865
2023-10-05,181.6000061,138.97488880932252
2023-10-06,177.6799927,137.5500869938446
2023-10-09,179.1000061,137.34032123781995
2023-10-10,178.2200012,137.3213534000035
2023-10-11,175.9799957,136.98543137500218
2023-10-12,174.6999969,137.77137280934122
2023-10-13,173.4799957,137.77137280934122
2023-10-16,173.8099976,137.81991564919352
2023-10-17,174.1199951,137.1295758256267
2023-10-18,175.1799927,138.69081411611228
2023-10-19,171.6100006,138.3208377145222
2023-10-20,172.8099976,138.09380853047276
2023-10-23,171.3999939,138.0293359933362
2023-10-24,175.1799927,138.05880795446208
2023-10-25,185.7799988,137.86106598572954
2023-10-26,186.5500031,137.83672191848018
2023-10-27,189.5899963,137.7389105222371
2023-10-30,189.6499939,137.38504051280873
2023-10-31,189.5700073,137.96263628976993
2023-11-01,183.4199982,138.72274865796118
2023-11-02,184.2200012,138.86641099428306
2023-11-03,187.0,139.28633071694063
2023-11-06,187.7400055,138.7899342581662
2023-11-07,192.0800018,138.5986549541535
2023-11-08,189.1100006,138.55508658385608
2023-11-09,190.3999939,138.22664595388778
2023-11-10,193.3600006,138.06536573732035
2023-11-13,187.6799927,137.12210178489684
2023-11-14,183.2100067,137.20407586480303
2023-11-15,184.2299957,137.9866815753267
2023-11-16,188.3000031,137.9866815753267
2023-11-17,186.6100006,138.05963028806863
2023-11-20,187.1600037,137.12210178489684
2023-11-21,189.5099945,137.83504087619892
2023-11-22,189.7799988,138.12671538139833
2023-11-24,192.7400055,137.9446566592153
2023-11-27,187.3699951,139.11037473937128
2023-11-28,187.9900055,139.14962284282643
2023-11-29,189.8899994,140.4050787874192
2023-11-30,190.2400055,140.4050787874192
2023-12-01,187.2799988,139.4339192309199
2023-12-04,187.0800018,139.19065247223662
2023-12-05,184.8000031,138.9855693400952
2023-12-06,185.4799957,138.86465579319628
2023-12-07,183.4199982,139.43520634699874
2023-12-08,180.6199951,139.7243899015043
2023-12-11,183.2799988,139.60479897800656
2023-12-12,183.9499969,139.54656557904286
2023-12-13,179.9400024,139.54656557904286
2023-12-14,180.8600006,139.60412687466277
2023-12-15,178.5299988,138.8833164441121
2023-12-18,179.8500061,138.09380853047276
2023-12-19,179.8500061,137.99599713422967
2023-12-20,181.1100006,138.9191958559176
2023-12-21,183.3800049,138.84873724455403
2023-12-22,181.3699951,138.8293940016955
2023-12-26,181.5500031,138.08709183262494
2023-12-27,182.9700012,138.08709183262494
2023-12-28,187.0700073,138.05657647902402
2023-12-29,187.8899994,137.97934102100265
2024-01-02,185.9900055,138.48047580949174
2024-01-03,192.7200012,138.0185183743953
2024-01-04,194.9499969,138.7273265590899
2024-01-05,195.6799927,138.6204306137922
2024-01-08,195.6000061,138.88687549904432
2024-01-09,194.1399994,139.6841541069348
2024-01-10,200.0800018,139.70307898517615
2024-01-11,200.6699982,140.13520604684848
2024-01-12,201.4199982,139.75195032587015
2024-01-16,201.3999939,138.881796601723
2024-01-17,200.7200012,138.8136571538432
2024-01-18,199.5599976,137.9866815753267
2024-01-19,198.0599976,138.05963028806863
2024-01-22,201.6600037,138.05963028806863
2024-01-23,201.8500061,137.40110957227049
2024-01-24,199.6999969,137.40110957227049
2024-01-25,202.1799927,136.56262177712142
2024-01-26,202.5399933,137.5524330665163
2024-01-29,203.0299988,137.22114249291957
2024-01-30,218.8600006,137.22114249291957
2024-01-31,223.0500031,137.19505049763876
2024-02-01,226.3099976,137.25093258226414
2024-02-02,224.4600067,137.6867813816773
2024-02-05,225.8600006,138.997809169145
2024-02-06,231.0,137.40110957227049
2024-02-07,227.0299988,138.6599888693696
2024-02-08,228.5399933,138.40944375488417
2024-02-09,227.3600006,138.40944375488417
2024-02-12,226.7700043,135.57940617194333
2024-02-13,227.0899963,134.42625732450858
2024-02-14,234.4499969,134.42625732450858
2024-02-15,235.0,133.729755420221
2024-02-16,238.1300049,133.729755420221
2024-02-20,238.0399933,133.67387333559566
2024-02-21,237.2899933,134.0051639091924
2024-02-22,240.5500031,134.6973417588118
2024-02-23,246.0399933,134.26567711506226
2024-02-26,243.8399963,134.42625732450858
2024-02-27,248.1900024,134.42625732450858
2024-02-28,252.3999939,134.5553334271782
2024-02-29,247.9400024,135.57940617194333
2024-03-01,242.8200073,135.57940617194333
2024-03-04,235.4600067,138.40944375488417
2024-03-05,237.9499969,138.40944375488417
2024-03-06,232.8300018,138.40944375488417
2024-03-07,230.9700012,138.40944375488417
2024-03-08,234.6199951,137.87615453805103
2024-03-11,238.6600037,138.22281881660896
2024-03-12,244.3200073,138.32274938909842
2024-03-13,246.7200012,138.4733639310944
2024-03-14,251.4799957,138.50834817024182
2024-03-15,254.7700043,137.21448463399528
2024-03-18,252.4100037,136.145724382866
2024-03-19,253.7200012,136.9283300933897
2024-03-20,252.1499939,138.10199108470013
2024-03-21,252.1499939,138.18720939048882
2024-03-22,242.1499939,138.18720939048882
2024-03-25,239.8899994,138.53396630159935
2024-03-26,241.7799988,138.53396630159935
2024-03-27,239.1600037,138.53396630159935
2024-03-28,240.7400055,137.79540907893974
2024-04-01,244.2100067,138.4733639310944
2024-04-02,246.9299927,137.21448463399528
2024-04-03,244.7899933,137.9729359222829
2024-04-04,246.9900055,137.8000566370515
2024-04-05,242.9700012,138.4120300158783
2024-04-08,241.6699982,137.85130689242698
2024-04-09,236.5200043,138.86921246423134
2024-04-10,233.9700012,137.85130689242698
2024-04-11,231.8399963,138.66168538116196
2024-04-12,228.7200012,139.07807193370664
2024-04-15,230.3000031,138.79766443512224
2024-04-16,230.4100037,139.80680829295278
2024-04-17,232.8800049,138.97488880932252
2024-04-18,225.3600006,137.5500869938446
2024-04-19,226.7100067,137.43256772549375
2024-04-22,227.9400024,136.66362140981127
2024-04-23,227.3099976,136.67917157067174
2024-04-24,226.8300018,135.96771716056105
2024-04-25,230.8000031,138.2160983759762
2024-04-26,232.8699951,137.87301601310588
2024-04-29,235.6000061,137.87301601310588
2024-04-30,231.2599945,138.64984261577953
2024-05-01,231.7799988,138.64984261577953
2024-05-02,227.2400055,137.91930191698017
2024-05-03,218.7799988,137.20769086053878
2024-05-06,215.6399994,136.37871174659767
2024-05-07,217.1199951,136.0789830209758
2024-05-08,219.5500031,135.35356632629825
2024-05-09,215.6300049,137.11556985092454
2024-05-10,219.7599945,138.85820494732815
2024-05-13,219.7599945,139.2988745956896
2024-05-14,219.3600006,139.2988745956896
2024-05-15,216.6300049,141.9968666105564
2024-05-16,214.7200012,138.77325871226262
2024-05-17,216.8399963,140.55544497936805
2024-05-20,218.7200012,140.15467136867824
2024-05-21,213.9499969,140.37472979629888
2024-05-22,214.1699982,138.41370166646067
2024-05-23,217.5099945,138.10078339675675
2024-05-24,212.1699982,138.73175301990688
2024-05-28,210.3800049,138.41883475020296
2024-05-29,208.3300018,138.73175301990688
2024-05-30,210.0399933,138.41883475020296
2024-05-31,206.3600006,141.2212207383609
2024-06-03,208.0200043,141.11169368132747
2024-06-04,205.3099976,141.9968666105564
2024-06-05,205.6499939,138.41370166646067
2024-06-06,199.3500061,141.55348653763357
2024-06-07,197.1300049,140.1569252597847
2024-06-10,195.1999969,139.0084862104975
2024-06-11,194.1399994,138.67640442635292
2024-06-12,194.5399933,138.41370166646067
2024-06-13,193.5800018,139.2988745956896
2024-06-14,198.9799957,139.6169259491358
2024-06-17,206.2200012,139.6169259491358
2024-06-18,203.1799927,139.6169259491358
2024-06-20,203.8800049,139.6169259491358
2024-06-21,204.9700012,139.13760614451337
2024-06-24,203.7100067,138.09994241652296
2024-06-25,206.2100067,140.2478621365312
2024-06-26,206.25,140.47272272212444
2024-06-27,206.4499969,140.47272272212444
2024-06-28,204.9400024,141.00116231074026
2024-07-01,201.6699982,140.15467136867824
2024-07-02,205.8800049,137.233345312778
2024-07-03,203.7299957,136.514767051921
2024-07-05,207.5899963,134.38851256550984
2024-07-08,206.9100037,135.5367397961095
2024-07-09,206.6000061,136.54862212868218
2024-07-10,204.3899994,136.04132596283347
2024-07-11,199.8500061,136.0718413164344
2024-07-12,197.1499939,136.82735980892974
2024-07-15,200.1399994,136.9513278426483
2024-07-16,200.7899933,138.60681405896688
2024-07-17,197.1999969,137.86146703250543
2024-07-18,195.25,138.07979092887155
2024-07-19,192.5200043,138.27021344203766
2024-07-22,192.4799957,137.79089363741522
2024-07-23,193.1100006,137.79089363741522
2024-07-24,193.5500031,138.27021344203766
2024-07-25,179.0700073,138.48213472709014
2024-07-26,173.0200043,138.4986479015262
2024-07-29,168.3500061,138.85820494732815
2024-07-30,169.6000061,139.07110721203873
2024-07-31,167.1799927,138.1859342828098
2024-08-01,169.3699951,139.6169259491358
2024-08-02,168.5899963,139.32755029380635
2024-08-05,167.9700012,133.9312238046954
2024-08-06,172.3899994,133.84314449885295
2024-08-07,177.0099945,129.3226661876688
2024-08-08,181.7899933,136.11480301561681
2024-08-09,182.6699982,135.22963008638789
2024-08-12,183.6999969,134.91671181668397
2024-08-13,181.3399963,134.45742421622273
2024-08-14,183.6199951,134.41594904808542
2024-08-15,181.5,134.37560293929016
2024-08-16,185.0899963,136.59865228811296
2024-08-19,180.5700073,137.04173077494053
2024-08-20,185.75,136.8639604907809
2024-08-21,185.75,140.48692606981757
2024-08-22,187.7700043,138.27624233708488
2024-08-23,189.8000031,135.5358578620739
2024-08-26,186.1499939,135.38393772278104
2024-08-27,184.7100067,135.10406950262671
2024-08-28,182.8000031,134.28282778638373
2024-08-29,177.1799927,135.75832657431607
2024-08-30,176.0800018,136.19366026299053
2024-09-03,174.1799927,135.95256606802002
2024-09-04,174.6900024,136.21910137413127
2024-09-05,176.1799927,136.45046137523855
2024-09-06,175.3899994,136.6829646526698
2024-09-09,176.2299957,136.66362140981127
2024-09-10,173.1499939,138.20331844617138
2024-09-11,176.7100067,138.3350952205783
2024-09-12,183.4700012,138.3350952205783
2024-09-13,184.0700073,138.17678416551482
2024-09-16,184.0700073,137.63909628301874
2024-09-17,183.5299988,136.9620166432738
2024-09-18,184.1600037,137.00689111229335
2024-09-19,189.3600006,136.19250493344705
2024-09-20,182.8200073,136.86791210665135
2024-09-23,178.5700073,136.76634180261095
2024-09-24,178.0599976,136.86451782810326
2024-09-25,180.5,136.96683587227224
2024-09-26,176.1699982,137.40345987877876
2024-09-27,180.0200043,137.6439031896092
2024-09-30,177.3200073,139.01601484405248
2024-10-01,175.7599945,138.2271313357249
2024-10-02,173.9900055,138.09247645576764
2024-10-03,174.3500061,138.1999241676233
2024-10-04,174.0599976,137.99015841159866
2024-10-07,174.0599976,137.86146703250543
2024-10-08,169.5500031,137.8379128717071
2024-10-09,171.5,138.20331844617138
2024-10-10,171.1999969,137.28763016334153
2024-10-11,171.5299988,138.20331844617138
2024-10-14,169.1699982,137.31814551694245
2024-10-15,169.9299927,138.4525562972
2024-10-16,171.3300018,136.0579185711164
2024-10-17,170.4299927,137.73178299825284
2024-10-18,172.0,137.20616711482586
2024-10-21,176.6300049,138.5341497294224
2024-10-22,176.0299988,137.67720118450117
2024-10-23,175.2100067,137.02915588597912
2024-10-24,173.0200043,139.0033905029041
2024-10-25,172.8300018,138.70483602707552
2024-10-28,172.6999969,137.69822370260226
2024-10-29,174.7299957,137.69822370260226
2024-10-30,175.1499939,138.37363087580655
2024-10-31,178.4499969,137.989327545182
2024-11-01,172.0299988,137.74589075657616
2024-11-04,174.1000061,137.84370215281925
2024-11-05,174.9900055,137.81397670566935
2024-11-06,172.3500061,137.9139072781588
,173.4799957,138.65972407042042
2024-11-08,172.8399963,137.81444647146952
2024-11-11,174.7799988,137.8703285560949
2024-11-12,175.3899994,137.82799430727056
2024-11-13,172.9100037,137.92580570351365
2024-11-14,173.3800049,137.9962643148772
2024-11-15,174.3999939,137.88966815156857
2024-11-18,175.8300018,137.82799430727056
2024-11-19,172.5200043,137.6641677922748
2024-11-20,169.7200012,137.6641677922748
2024-11-21,170.6300049,137.63380781147143
2024-11-22,175.8099976,137.6896898960968
,176.0,138.38806490436764
2024-11-26,174.7799988,138.0078343070137
2024-11-27,174.3999939,138.5253825311162
2024-11-29,175.9499969,137.7479615869167
2024-12-02,177.0099945,137.7200498769002
2024-12-03,175.7100067,137.93031235143954
2024-12-04,178.1499939,138.46361854951064
2024-12-05,176.8999939,139.1530834913467
2024-12-06,175.8600006,139.4428783310755
2024-12-09,174.25,138.72789128541743
2024-12-10,173.2799988,138.72789128541743
2024-12-11,173.6199951,139.85497024818093
2024-12-12,174.2100067,139.0655747338554
